feature_0,feature_1,feature_2,feature_3,feature_4,feature_5,feature_6,feature_7,feature_8,feature_9,label
-0.20596997974951536,0.19235387271358362,1.6708533858623722,-1.09497625326055,-0.1598246460196585,0.39900234285514685,0.5477323273670796,-0.6368764742064333,-0.2818448493970999,-1.2983159611681463,1
1.0712113633314817,0.6405033606008868,-2.1981471722335626,0.9786196966771823,-1.4660368028314226,-0.4293344596012091,-2.573999724389172,-1.6711471647953489,0.5363892188475762,0.7555959431583068,0
-3.7775906971957736,-2.354978293930657,4.201275171309205,-2.277471774754793,-0.6082752782228861,1.2692281315129785,1.0665198872508914,-0.546407619463673,-0.9384671057410849,-1.3932364417671042,0
-2.2583549668003053,2.011129515628623,,0.26285588485815303,-0.44001313917777496,1.027044338215402,1.0638484483650672,-2.1200872151201744,-0.43145564455988483,0.8915982735118984,0
0.8332730281783478,-2.9659555040156325,0.6041083225667706,1.99303445187411,-1.6563981349896724,-4.716606991335157,1.6470328621732984,-0.4895706470306716,-0.10346278984692345,0.6644002432154089,1
-0.6099273248380578,-0.8142675290981332,-0.27885836924708435,-0.6131725704715905,-1.6099496698040427,-0.1424883773899252,-0.7058523529368784,-0.15326055339930547,0.4764301667171248,1.1888673143116408,0
-2.8016483163739396,-1.7186229911767072,1.8977255707885967,-0.27939493906177615,0.5339613574788675,1.3715407024277257,-0.806944652919939,0.019545844798181757,-1.7680567191743972,-1.2899845761557076,0
0.09955602152310539,0.14662911215827812,-0.3904853445061093,-0.4278922563242047,-0.38917336020087046,-0.014837993858149169,0.35866880584495686,0.16648527257714707,0.435546318992364,0.8955685527068488,1
1.869943026015449,2.331648294505164,-2.812132116678724,2.037916481793076,-0.7358974834300611,-0.17484722104312253,-3.200667490583104,0.8848425828011585,0.13111932467514684,-0.32952309080899866,0
3.042490688200296,2.944125923555564,,-1.589382395745302,-1.681546206269806,-1.5182820476403331,2.6411652611471914,0.0637023597657709,0.2644816849513739,-0.4185329073817754,1
0.4321539881528049,4.285506434216188,1.6701601882122057,-1.4500026908797459,-5.332623159820108,-1.240599541304744,0.9004963047003886,0.9778475646543314,2.1209935658451093,-0.870406706270499,0
0.4701854470558644,0.03500998691412227,0.575533178070876,0.45339021888719044,-1.2569806321543566,-1.2183035542671956,-0.3079176112533082,0.641541644936012,0.6229440304133081,-0.8453568624659324,1
-3.7716076409634605,3.3361265784930025,2.4369718549295873,-0.36595839245895734,-1.9750559094825069,2.3833917049129623,-0.9165730161061239,0.6418941228586382,0.8931883472072516,-2.48499331256051,0
0.043877341775441,-0.4703890796824054,-0.3325976851722869,-1.7488367627230161,-0.3911184116983687,1.2296435650607511,-0.8466764062959844,-0.18859482914748824,0.28638674395539016,0.8410523240314323,0
-0.6275914125213712,-1.6271719321793212,3.478525313624816,-3.5656384601195525,-3.5832145637007127,-0.28379662367694036,-0.03218722997824108,-0.7704247991378789,1.6170449245216825,-1.1028972948286817,0
-0.5640113163363478,1.510173004767851,2.1237812447570885,-0.005089135777537335,-2.581701607536077,-1.3005448372824686,0.9077694042002902,2.7922088679099613,1.7649138055507714,-1.5740321222192635,0
0.7504636853897035,2.051880651137579,0.2490010580639936,0.8244036317353717,-1.626251115843934,-2.0574632711273426,2.0846177609645813,2.1245562298290137,-0.5161166418714347,0.15967265004573483,0
-0.41797642165763293,0.9113091492616718,1.359395142640389,1.1509696562083076,-1.1501632665717436,-1.5478182434504038,1.0229528680087048,0.87278741446961,0.9724439979180102,-1.304064999960253,0
3.513456190919903,3.282180315206568,-0.09874601920485596,-0.12243776081636637,-3.1621991058883685,-3.688902825822116,3.3028014888822947,1.3355704555367565,-0.32307574267702455,0.7080479616197359,1
0.537700136831337,0.7171472018164842,1.4639981848212267,-1.2535751674283828,0.17785379881536278,0.24811867337507154,1.2553860790029197,1.5142807357204837,-0.11965890247315014,-1.133150301573761,1
-0.7553611703876213,-1.6088815674768515,4.511866277792151,-1.111789697219172,-2.9578534469404443,-0.919664295618119,-1.9380062421949587,-1.153706323630364,-0.815909535148553,-4.571667560430811,0
-0.3508616410746842,-0.02115332697074379,0.6568302590272704,1.9321418523926097,0.37191758925764384,-2.0046816098057447,2.143313430791993,-0.28815603051111766,0.07904780215027922,-0.27936541298580575,0
0.9111261504860095,-0.5991744735974245,1.189240889536694,-0.012685539314544636,-0.5162039804968952,-1.7405776658912528,1.3799410712535503,0.5850213322877983,-0.2730067480225845,-0.6582523780684479,1
-1.2226697928312444,-2.0328605243926776,2.9207906905219603,-1.2009886451288851,-1.6921164719026645,-0.12607326771359897,-1.2554321918752989,-0.019122179853707483,0.7065054635472527,-2.250799827333169,0
-2.2230230780425666,-0.4497552876889517,1.9803475439526175,2.65758637540817,1.304780076062288,-0.4889624252804821,0.09275365038694883,-1.671761273328167,0.1177074184609581,-2.8502133805554433,0
1.5428180198370838,2.0142820414520335,1.7884897769649544,-1.3282550202488363,-0.9748089284180017,-0.6921397910034223,1.8713597469849113,-2.7452995536723845,-0.4894142344944204,-1.5848966100776214,0
-1.8170271998349337,0.7844012267151352,0.9713111839682865,2.088286464761464,0.6400150441860539,-0.5503090104935984,1.2190494727168726,1.4837439102037069,-0.6401544568346118,-1.0689408019168056,0
0.46092985698903266,-1.9319368176823688,0.034976365573452566,1.5221809005901672,-0.332645737206255,-2.8392366919705574,1.3684055477698802,0.7571768211020226,1.9837041354787512,0.7568736408184639,1
0.9749418269500127,0.04835536510513716,0.6655627107975554,-2.4071243544214065,-1.3117594241748611,1.0406927262917578,-1.5153651056100328,0.6067621502064073,0.2252697220150467,-0.7706027675192468,1
0.8181783063861195,-4.652442711090943,-2.377685051690965,5.30445608317374,-1.5477675012518477,-6.078615634480612,-1.0284627700279736,1.9116060670633217,-1.4241676001875991,2.138058861161408,1
-0.5485588559656843,-0.9890738959219829,0.27603973167592416,0.07917730283906921,-1.0654511150589352,-0.058413327485876874,-1.7233071763085355,0.17676210325026384,-0.36634167713775767,-0.4937024197099311,0
-0.4076506323301904,-1.2381966279742898,1.290744955410493,-1.5147314870107453,-1.5961299111216884,0.198339543255816,-1.1067191763422157,1.0481167592691547,-0.4362630321800288,-0.6104407229797031,1
-0.6002655091771657,1.8197985333010829,0.9265577487860691,-0.22537975842328195,-2.2075640161895422,-0.7834360221252051,1.269762680043779,-1.389780143192669,-0.27037139913579117,0.003458544742816816,0
-1.050623001673657,3.5646193700124305,0.7847154529448533,-0.9551748431974794,-3.1954561558831336,0.42184871099187243,0.48169456488448403,-0.5969935884209324,0.4096853437465497,-0.09073934069517287,0
-1.279002687407509,3.6129987001705652,1.0867225984445545,-0.4289556949163764,-2.6213611598615034,0.27852664091957935,0.9270100731819316,-0.6378086928599359,0.10618291944021628,-0.5226924042713612,0
-2.5282769691782696,-1.5790536191636602,,0.3851880335677429,1.4605235460832136,1.707799364242449,-1.2830671500656807,,1.0219627766781416,-0.8259271357264509,1
2.126346566669115,-0.04338844728425251,-3.1742455327961423,-1.8846078245101259,-0.11300566251050015,0.5228687790395894,0.20218303826521022,-0.556717897857163,-1.5072258203839384,4.037589585670945,1
-1.0455167513964159,0.9942497954708346,1.9991782811180692,2.5848928483685305,-1.8745448024420248,-3.564957168382728,2.9833299534721256,-0.04060623167853,0.3812446551620988,-1.0570068691222678,1
3.004817695388857,-2.6259814860162765,-0.24455368319801682,3.385540834943327,-1.1638240429075748,-4.9700617953692285,-1.4134154169089004,1.2884336225033886,-0.9273730056959336,-1.6528191479317424,1
-0.7538755374046575,-0.4769553402927722,0.7573333644716916,-0.9437434952955197,-2.3656255617037263,-0.32549364020547317,-0.6057241050321303,0.5755619258303651,0.9954151904494745,0.26304070595637485,0
-0.6304114512690346,0.5578534022073485,-2.2625742636417967,1.0586424330352457,0.9238021355771597,1.2477957343518016,-1.4463199440180978,1.8418156093866072,1.4152045267018234,1.3483545407036686,0
1.4036575089307692,2.224400535393742,2.0100310617210138,-1.3711712982015827,-0.8628810300987206,-0.6731188075363018,2.326574543007379,-0.3933511248228728,0.7152365838912327,-1.6356904723504628,1
1.585848342816225,0.41348630117112095,-0.02707550817180113,0.013563186852720177,-1.7820462053745292,-0.4947928004848582,-2.756745899026967,0.12682468513496187,-1.0043378262939064,-1.7204610312264617,0
2.117485529370019,-0.876630394493501,-3.095325753990348,-1.6168747952502853,-0.9076329626086785,-0.8758432117809416,1.1969705081001611,0.2951409793374166,-0.578212098219754,4.952800826472281,1
-1.9411124232503232,-3.0322458277732127,6.007471995878154,-3.3681491607539464,-3.3284712136240766,-0.4106530868600547,-0.21472572576630877,0.8976557716497436,-0.5140888043678978,-3.568446707158473,0
-3.5538082537903017,-1.847507334949825,4.337627886298357,-1.6744666721349302,2.4579173329752555,3.626047175281006,-1.1742681115683338,0.9373674142536799,0.9951676651586061,-4.334683363818298,1
-0.539064513883762,0.8066860123695151,2.4141546202257866,0.9167625825318689,-2.008622809415651,-1.9272785347778512,0.8600937998375574,,-0.3755000400755709,-2.2704292501908925,0
0.19173866901975867,-2.71735299981314,1.2978407549888147,3.3460018052623672,1.8267235671939246,-3.5730616315553436,2.1579748310352134,-0.9915270411046322,0.18301292831148205,-1.383453595178747,0
-5.581096071334292,-3.1017647755658846,3.1358766817190658,-1.3957553216067222,1.086884518538266,2.0613039512234392,1.854880573677907,1.569628586939493,1.1209365124062458,0.439616652760044,0
2.389059391926872,2.524286847145583,0.8924503705388694,-0.2180972071058006,-0.5904314067231551,-2.236453973691433,3.8651016141744465,-1.489284264440218,1.20357805453346,-0.3335114027486935,1
-0.5344188556886522,-1.0787790351412134,1.5635280861796783,-1.0167271805343383,-1.1065074155366263,0.2520533012942859,-1.19766956305003,-0.4134487034717953,-0.9001602278736629,-1.3534073136304392,0
0.3560210451716779,0.8051281767354683,2.1697354449203976,-3.1581795618444537,0.2706187353973797,2.3328835878614504,-0.2459035757523096,0.6509656787794414,0.5724714117797358,-2.1683321522411143,1
2.9797689196986514,-0.9212729647755022,-1.7756593057431536,0.9058453406706497,-0.5773029464913843,-2.269479687199055,-0.7801590017991507,-0.7234866224198,0.5711412420380737,0.8044728766455501,1
-1.4886829473523309,-1.3071876519672472,3.75537559113539,-1.5323361801256528,-3.1592284027099833,-0.8625282788855989,-0.2657539407192576,0.15551160376356082,1.21644738727708,-2.2601203573422324,0
-1.1500498593855717,-0.0821877080842528,1.8261384411917936,0.8258173013508188,-0.7351398097355751,-1.127113386184725,0.9798799325936977,-0.568876975197369,0.7831556560131748,-1.3236030591185266,1
-1.007804147867721,-0.7123759099511444,-0.03522546587062756,0.1420553802599891,-0.2644910584877129,0.7357572263664061,-1.7137849433385384,0.6734727961582307,-0.9331190886861417,-0.3020774319038396,0
1.0046367364221542,0.9610789621313259,0.2715301989984813,1.6897008705069894,-1.568612292570403,-3.4595433006443645,2.714544973171072,-0.5969720279011155,-1.525662409286842,0.4211484684907878,1
2.7583836024192667,1.9207164778174728,0.04428255940976071,0.6819412896000057,-3.3189973029929485,-3.8915993596756406,1.8865311936752738,0.07957954655656065,-0.972162217943325,0.19400993608152883,1
-3.5207148102206274,2.320715218912993,2.9233540057770493,0.3901115113759267,-2.5318821450414246,1.1320524391380258,-1.3524480582552902,1.6656032136865273,-0.7721923878043793,-3.203949666739281,0
0.3222701572474225,0.0735261672086106,-0.6031863523002422,2.1241249087082306,0.39399005485905025,-2.556778123364471,2.82458726384315,,0.09131472861134962,1.3276790048356233,0
1.4600577797300116,0.1168098508843407,-1.8578417739754036,-0.49359279037358483,-0.36406056546924714,-0.8604215916863214,1.2908004612866846,0.7410169513364492,-0.6368452142703895,2.7849964056875156,1
0.22019234118521613,-1.7640914926930353,-1.42522967448636,1.811205008732352,-1.0632065803621764,-2.765216612325407,0.6484760184408842,-0.8381764823315314,1.048203967675276,2.329845281874533,1
1.9771455978368886,0.3358750500108706,0.40819282118533273,0.7003668752529413,-2.0168991842006045,-3.6703063991174303,2.4900115273277548,0.8179815444538614,-1.039220163990766,0.47520096489528485,0
-2.231502171340514,-0.8489703850194013,1.3280642056705194,2.1395446406623653,1.2968363404702243,-0.4341624648147611,0.6771633096663296,-0.8395275580176573,0.7597872369530771,-1.3663118628053916,0
3.0809545855586937,2.872048246327378,0.743727165836579,-3.0128147134280403,1.0096471718923827,0.6968231293432516,3.3378775512381087,-1.866700586803942,-0.6514425498636812,-0.30962598263439123,1
-1.1925273271984655,0.806386939375792,0.1710626620563766,1.5166407349489028,0.4439019586465076,-0.48774383040753,1.2908233493156283,-1.655224712189433,1.1706616293176602,0.0073288798446424774,0
0.5978591741862367,-0.43995276150724594,0.9990866182566736,-0.3863673378841963,-1.7860690531218983,-0.2627760068694409,-2.5487170418704603,0.3927683630511244,1.6833145759275296,-2.0798369068314355,0
-0.41994964475766583,0.006117032139235867,0.2609222395072148,-0.9540658039078458,-0.4622223113175732,-0.10821817869465464,1.6304757026260557,-0.2650649968885794,-0.6411649293968504,1.2788894873816379,1
1.7519035608298124,2.017126572505882,0.7195535126762611,0.04074791738483585,-2.336769731998709,-2.6880133243263002,2.5243880330070683,-1.7240618108680354,2.598822900074582,-0.015740732900125787,0
-1.6522019409341753,-0.6415441656462331,0.8331184919271339,2.8745918120845615,1.6238688731699442,-1.2518719908010107,1.4499122725074467,-1.1774165052492886,-1.0804073292785017,-0.9654315678449477,0
2.2062660807019503,2.019101114336931,0.7634699966891552,-0.17137161132138234,-1.3879315891579134,-2.2511972272758793,2.5731233405428577,0.48253370982118504,-2.161303886302362,-0.44333053286642576,1
0.5931731641199427,0.262925917746604,,1.6193601442187955,0.6123824846643044,-2.1122283370539496,2.9516084752365814,-1.0800026083821321,1.50506203860833,2.089875145283693,0
2.5265548739532644,-3.941053170999661,-2.2472106634604425,2.630710658263895,-1.4065059683109091,-5.096947167656434,-0.14659554263951868,0.023385214658507663,1.0073043574732625,2.5572632404180786,1
-2.24350302959813,-2.150142564700073,3.5968321091021225,-1.8566442838838364,-1.7024437838693431,0.40409185764094596,-0.5250229440255139,0.729236949310753,1.6129781705930544,-2.003744304713589,0
-0.4335129093629966,-0.15514383769403028,0.21466906105068637,-1.1487620444158118,-1.3282302771540746,0.40588509605050405,-0.50501616917146,0.5737671099019008,0.31282223676684645,0.511860102179319,0
2.2060222499930777,2.7959993813395885,0.9630022409769671,0.8170549450793225,-4.418634318364731,-4.342910881992047,2.379097736364999,1.3227032199889794,-0.26776551872484483,-0.4432409254449212,1
-3.411658289562252,-2.2745804047960347,4.666758062680437,-2.7648005981546104,-1.117727480198107,1.0844909198433212,1.1083777485221527,0.21416894113174983,-0.11657134645332866,-1.7678751625552835,0
2.485733508518751,1.4998095621755834,-3.0244618871195814,1.0094235148403747,-0.9222049102923953,-0.047722483492037386,-3.4424002100322997,0.2940820387932141,-0.49731714635766955,0.2822057376825704,0
1.0128774952967075,-0.011323189858007399,-1.7206990466583438,0.10921992646019518,-0.629495705321166,-1.374779470124235,1.5093014371915492,-0.5587995720623407,0.2637555848225758,2.8126806160599385,1
-0.3914855753760449,0.510504926841317,1.787613028795323,2.2016434764342927,-0.11034401369145785,-1.959601694107053,1.1064669678171004,-0.5041286736516637,-0.9289264824607304,-2.3969563579632753,0
-1.0747223025246284,0.7282156032865477,1.3253984190959223,0.776922319263744,-1.6859909567086042,-1.0951069034836474,0.5057869853399941,-0.31093751635109385,-0.7360636534685142,-0.9410070587264098,0
0.5449623054811874,-2.583938812739585,1.4208355150182033,3.503770570917556,-1.2839165119820348,-5.810023701410458,2.6030122172660928,0.9669566453448166,-1.6522426773534897,-0.5029374201184256,1
-3.307025089555921,-1.7546730880452373,2.959629020726621,-2.1251060270710926,0.24971600356817403,1.855268216728876,0.9667935588561993,1.2718995454239435,0.47139126276499077,-0.6097592259762351,1
-1.9841514989439295,-1.0854934604043447,0.3610824139151946,-1.5566576372566532,0.6089337254845946,1.7069641460268308,0.703249327840141,0.44807834101289173,0.7589816954601127,1.4396599573781286,0
-1.3922882678774333,2.0672757685153638,2.6127170545666063,-0.145124000805688,-2.316126705248796,-0.37807537577341505,0.6706012683520273,0.33323053499002175,-0.24733596389641815,-2.2300288401589157,0
2.0623459047153867,1.828019097388884,0.14380084649051803,-0.7359792675272485,-2.3780534026660782,-1.846610797008984,1.4490779065051989,0.397637501776279,-0.4245981660221425,0.32883636040114506,1
-0.4805300819609858,-1.7043681331001546,4.255680000581913,-2.936338098315798,-3.3543907078243484,-0.5564098822240752,-0.6254647870132127,-1.1512266575071441,0.6312243569717831,-2.7558085240112993,0
2.8888822146065523,1.2447625291557944,-1.808678765912753,1.1271209123256527,-0.2234229237289067,-3.6651397896858997,4.591243477607184,-0.36162810937254564,-1.0976109822757267,3.078923482558565,0
0.5853021846666524,-0.5778978780359099,0.13533087200233515,-1.551675445762572,-2.2128561476051134,-0.29166598568202456,-0.9566364499070036,0.04456961088927163,-1.098679373434385,0.5440792379271093,0
-1.0920456975684152,1.6056915455733511,2.350394994863817,-0.33302251987399734,-3.089613738203462,-0.9100092717514465,0.5052562908256611,0.14237791251046628,1.388664520102482,-1.6368068136203282,0
-0.39198365765805654,-1.4052545868623683,2.6837027617241525,-2.7336855015788517,-1.3068528192384976,0.8034386600302215,-0.7253154322615705,0.08184433452953882,1.0579607138387925,-1.722255436183539,0
3.4767419607303793,-2.0786317878198384,-2.354528093863932,0.9076458572441345,-0.1529003529432118,-2.775085808815854,-0.47016329495806186,0.37034026732884573,1.6301299648744103,1.7646350743005672,1
-0.13360947418808122,0.1735882741262047,-0.15049292971558909,-0.923414877983026,-2.0193878628176067,-0.04375851711709407,-0.7034866137493765,0.33396514967619034,-0.21600142157311336,0.7731690151231143,0
-3.288166524510007,-2.1311135161730297,2.5214268482905133,-0.5720640095634946,-0.1438026353872467,0.8603008106221915,-0.026638757576849637,0.6428554939629476,-1.1185234842116323,-0.9694123100375235,1
0.929317287535538,-0.6201374649622076,1.4555347794652649,-1.9359458926133095,-3.0150426393829144,-0.6773423328451287,-1.3645689752548233,-1.7047859057901145,-0.4290372480926655,-1.0537126897884965,0
1.594523979091762,1.6140143240636347,1.5637576329418414,-1.2156692127116104,-2.49682118346807,-1.219487231395313,0.5397406990913476,-0.12574629749577262,1.4086194934459193,-1.509514535213114,1
1.1189558000810824,0.37773953034563745,0.655026945601498,-2.5155233147814418,-0.0867557618023882,1.3477964132728286,-0.2947331097332291,-0.15195112347198586,0.1756035498043702,-0.5712464886803859,1
2.612497121759315,0.6730831009896328,-0.9659241374352588,-0.1478492083061982,-0.06856447854139158,-1.4400937127126374,1.2949348836706807,0.5935394322931908,-0.6003386590064871,0.8318813856435372,1
-1.4777464304014925,0.5528086775512727,3.608884575307571,-2.264095879727442,1.316356791488325,2.526698062961903,0.7143777538412428,0.3924560184705202,-0.4326595133965921,-3.311396186016463,1
3.114914405741174,2.3737273889662975,0.028575949380765606,-0.5327742176096488,-2.8379043416437373,-2.8599920162261117,2.120550878673008,0.18794177643275645,-1.4603024352092226,0.36063770552727337,1
0.9916297387438495,0.7331246679071353,-0.7682352233435896,-0.6485777660520158,-0.9520461468156889,-0.7843634435690126,1.3375624940871442,-0.4457574597968489,1.0103793132832635,1.671329838960475,1
2.118301538185039,1.533400150285519,0.6779189223856977,-1.923257148963438,-0.4990429319831806,-0.14335061916936756,1.4627931358635955,-0.37962449667683384,0.19022322184489376,-0.42439875579901354,1
2.5952382734177792,-1.4633943221832397,-2.9185708353391386,-0.11255193057544766,0.3547799451556908,-1.4531751227333514,0.5930863744280428,-2.3648553727915123,1.3523625459261506,3.427078691105087,1
-0.19210457489358013,-2.936335901052974,-3.3101087140370353,0.3478975322731638,-1.4794183045060407,-0.9959797567483551,-1.5344581190246438,0.7124817644338045,0.1501356539562031,4.641877487467488,1
-0.5244579829576548,0.39033777872844344,-1.7650756149138664,1.332192863598419,0.883159506007821,1.1398794994529098,-2.1344876433232356,-0.6484692000191374,0.5665409870816561,0.2550563911710604,0
-3.408335580026659,-0.46176401906748743,2.951009936140207,3.4228061638539136,-0.10347372877702754,-1.0127270012363023,-0.7452487795079041,-0.7402322525487084,-0.7329260381085351,-3.926349783133184,0
0.6032039916890681,-0.40239274415048154,-1.0674463179976477,0.823054977368511,-2.694605296483105,-1.2432285300017347,-2.791673215308342,1.1422073928855578,-0.3433351758524492,0.19384177040113992,0
0.6581321336165951,0.2244732730843365,-0.2682691752143629,1.318080517297317,-1.6738377470986792,-2.6778985244632567,1.3095851298843535,-1.4089191026905246,1.031653774575175,0.8274840208523946,0
-0.555449434416349,-0.83774222631171,1.0748225868412844,1.524062847455454,-2.2560862913516315,-3.4520791265182327,2.063564417751623,-0.12492159532356542,0.05651064846555637,0.5048576026142335,1
1.7232201526034476,0.9056113835509625,-2.5319022016824113,0.7735261518055871,-1.1453021422106902,-0.13496315434323905,-2.924417113695968,-1.3496496702201406,-0.5459619271149279,0.6093398113541848,0
1.9210900176636345,-4.508248540681875,0.6135942255186458,5.5662771867739,-2.4318741453124106,-8.72502822304086,1.359969777358938,-1.3620433708547575,-0.3207838618519991,-0.48796604257507803,1
-1.932360296981689,1.0765344523504037,1.8653031897175671,1.8896594999981549,-0.8780158225893789,-0.7573033098529568,0.11368157267661527,-0.23105953684089858,0.30613455310275534,-2.3123449656701487,0
-0.830801141366473,-0.4139451393348428,1.2872518429739952,2.257977115674657,1.4195787368073929,-1.4167547817621398,1.6582494785158484,-0.14055348550243169,0.709410980586605,-1.500200700565605,0
0.6486123084526831,-0.7828151346872516,0.057399646790981855,3.0667344285257863,1.531325724248842,-3.2861838952659626,3.121004160899929,0.9256767577138694,1.1644117405352703,0.11410366694905405,0
-1.6232636062627013,2.6887557432642106,1.685045644132423,-0.4876973304478791,-3.2514963125557506,0.00623741674147816,0.21847045997234904,0.5805676870356148,0.32475823953354177,-1.019699405698663,0
-1.0492272649663066,-0.9770601872111458,2.20805544165666,-2.3679060463433643,-2.240308087330047,0.13274420074568719,0.2937001390246723,-0.05123583553219154,0.30703923725182186,-0.26455455022357466,0
2.26387678911722,-0.9189376358605681,-0.17455610252099468,1.2552546007102032,0.03956123599717842,-3.744909653122513,3.2255058791505324,-2.241915934508913,-0.6673333812164803,1.0615323834619192,0
-2.9438481360629116,0.6481151949497621,2.029498419509271,1.1830098051854328,0.3950260715112843,1.0183556450304725,-0.3731285149727481,2.4187777793134635,-2.2185699659510996,-2.4299414883185584,0
-0.48315136698176886,-0.2721888221303964,-0.8415994228569941,0.2698884071862323,-1.6876341071955776,-0.9250091403383747,0.0559901882885111,-1.0677225770385452,0.836484137964941,1.8040678276282667,1
-3.113412466991876,1.4490663860796642,1.2428320914263535,0.5669741757829959,-0.6829139161484241,1.216030956739576,-0.09068576870888179,1.9853803952602933,-0.3266137806612126,-0.9046285649708296,0
2.033518257046719,-1.699394780764775,-0.9628413885481243,1.4834793111496691,-1.243821897199223,-3.55883801489718,0.5461894453234997,1.1381503309676184,-0.6973642279161708,1.1713259061713406,1
-1.9710620239128984,-1.4346809982045294,2.5333579198851313,-1.6064770751056954,-0.9897457502851168,0.8567641909466427,-0.39068545399675925,0.5789098180691342,-1.18755316677504,-1.260112880436454,0
-1.3056328614792494,0.0811692713717107,-0.044865533438501436,0.1278559140239488,-0.6673171141903891,0.35145637885537917,-0.2791034230207654,-0.47606255777786693,1.6641920547838993,0.5270666042018846,0
-1.2638842698384654,-1.5992517933453834,2.055039775249318,-1.1743071128187141,-1.3540256573856664,0.2951477672900313,-1.1176582772237469,0.8865794927576496,0.2472714521087559,-1.3366107672873655,0
1.8697042098824013,1.7071655909864547,1.114500188454188,-1.3999326135495984,-0.9169955485324356,-0.6882983370599016,1.6148910419778035,1.4846418618765076,0.6255913025065598,-0.9045326916881674,1
4.49964005025618,-0.9311286137948938,-2.3773632182278663,1.3938967452178352,0.12804629532543532,-3.635803758358594,0.9026899153030145,1.4273286515947694,0.11494177175913174,1.5535647455941533,1
-0.4434788643112296,0.2822133064937411,1.7456156620153953,1.3368089182688028,-0.24897063193725644,-1.6951565232546637,1.6098105245298773,1.029180436127967,-1.1341711452777905,-1.5915268353208798,0
1.400190582956459,0.7561384134659797,1.7764588816379485,-4.154889146790339,2.4321243518086075,3.3769677059795735,0.6990863099467057,0.7985013379072202,-2.0591604836923203,-1.8376706277923645,1
-0.2869016511311513,0.10145499158764315,1.9669932257376217,-0.0919646251245726,-2.7613763165167278,-1.2809714178005702,-0.7542486947014648,0.10649398029009184,1.143566044928613,-1.888902310833263,1
-0.7528764756187807,2.357513236602351,0.8816227038599849,-0.06631922655619515,-2.3826112538674837,-0.823551485938951,1.5368377371933448,1.4980117703044276,0.10172320847176979,0.09182751243593157,0
-1.4366482349532084,1.8350497139897082,1.1731114531138191,0.908149297241117,-1.5298515964871777,-0.6672088605731553,0.9589103307405337,0.5704873308635735,1.277856655030514,-0.8174962862827105,0
1.6082624126792733,1.6460971978107077,1.0025353788709348,-0.7407489538465307,-1.128288858438121,-1.2725468552545953,1.8930310741093042,0.021222650834258405,0.03277363755578143,-0.6613757829469293,1
0.6500345620725219,1.6333651198555077,0.7190830308558658,0.5992740922776131,-1.7591833620380848,-1.9849290727809925,1.7105353789364777,-1.0500547898231862,-1.0559898119268434,-0.34173672445173464,0
-0.2986014042505475,-1.3663618755630265,2.168586660154781,3.0270262655579563,0.912922139273987,-2.9401094064025926,1.4937794404954106,0.7147317275176998,-0.17237495745366196,-2.7030444675625653,0
1.357452075298498,1.2008193532598743,-1.1912117188481801,-0.5803080352147637,-1.4108482683990897,0.1393085102982039,-1.4147653814317631,-0.39115637225284255,0.24889396913325643,0.43749199039332565,0
-1.1311591542580068,-1.7329548689193626,2.970152567179254,-2.079153508794473,-1.3906572352674038,0.5782635058547156,-0.8982745281998927,-0.33516697322638483,-0.0709053625273688,-2.010746310060979,0
2.810571250499552,1.3911547094385037,0.4377415826446626,-2.913015117625699,-0.47741683426091386,0.5927713152964587,0.5476385875554906,-0.06616593454643473,0.4547043964167744,-0.5065160120996737,1
-2.4474477087147717,-2.86143341286353,2.983607916334313,-0.5854849384082998,-1.4340005404939957,0.07914336977585469,-1.700532099201012,0.0812914250424811,-0.26836879913738076,-2.1664706867638417,0
-1.374000736468181,3.4761886075606454,0.9391810247503135,-0.5447291277785185,-3.030551383937847,0.13647486577037168,0.942116097218149,0.785345603010283,1.411356861745625,-0.07260899734010695,0
1.9227083047417919,0.14345226812986644,-0.5013111109308119,-0.4604299054960501,-1.200417498019395,0.05314829198191103,-2.956844141997335,-0.8005903423481054,0.5233237827285886,-1.2939593266033778,0
-2.892092688023312,-3.1022530919265177,4.599471540805946,-2.3157644529821724,-1.9667477479801718,0.2726950108980526,-0.2052848153333141,0.018252460856112946,-2.354482922696602,-2.2571395946742405,0
2.798797527435395,2.3407359122160964,0.5846122490091896,-1.8656319125260237,-1.2339073654486845,-0.8778324902526561,2.0267514613759254,-0.33577861774042206,-0.574601858183391,-0.28553801602638973,1
0.9001058704599023,-3.1776364546857354,1.054091593671862,3.806608357884989,-1.5576036671258902,-5.818554623704539,0.9310270094042741,0.8778260312391258,-0.14170872170182425,-0.9739104746493867,1
-1.842111458427288,-1.508907207095124,2.0597128334957606,2.361452064283832,0.9908653487654318,-1.204923251251608,0.4127353731536084,0.008857703668895378,0.9758233372885634,-2.344988323018674,0
-2.152357030401802,1.3486152508815867,2.4385950572963178,0.2709134554421717,-2.4660910736633768,-0.052214185931332965,-0.6472577854875949,0.6151639842785803,0.21000830802258905,-2.359077377096801,0
-1.651269649327141,-1.8897958257609964,1.1142184825792516,-0.41132077845659554,-2.1024485784385125,-0.508763321405387,-1.0038527417514955,-1.3772954892720999,1.4338328386598447,0.10641995070003163,0
0.10256581361498074,-1.2853083948853472,-0.05269672830808065,2.876043626923835,1.6703017512405292,-2.510197226579227,2.061304848763076,-0.9506906934152551,-1.8119893375620542,0.03433302640438329,0
-4.2211427408777915,-4.018593879324171,7.909209465673267,-4.007708177918033,-2.0159927189991587,0.7235005742014,1.1852550594874143,0.3916980160104727,-1.709226399202596,-4.141898592505752,0
-4.051671027031626,-3.39914907578417,,-6.450371082325436,-2.3962964677049183,1.5648971467749904,3.111348836225061,-0.6181750421001689,0.17394720841281136,-2.23406286131309,0
4.905460549388565,0.5060997478377374,-1.6146331259782625,-1.2904063084386213,0.47368158839299346,-1.799346248013116,2.074980974643006,-0.02518868352947947,1.0845005302909256,1.5373566355645574,1
-4.244032727013693,-1.6945414428478995,3.5024458381302805,-2.737125600420921,0.15047435981651436,1.8761698995828544,2.7876024874140812,-1.7047757442280442,-1.1208969737681593,0.358154159889327,0
-1.169248395881746,-0.12298610728402815,-0.5014649070590925,1.0065548277272427,2.7086349160563494,2.2360681953203283,-1.8009359845076855,1.1480908663974327,0.30515083587497266,-1.1921023150858723,0
-0.20568884991927439,-0.20922858453804238,2.6401757187863715,-3.200375285829672,-0.32917503096531386,2.5284284451787076,-1.8068384229437022,-0.42657125283057357,-1.197957962340662,-2.903984634916429,1
-0.9533559758703942,-0.15756887829591937,0.22150711258847736,-0.7946284751467136,0.7857238416499126,1.6803250525919933,-0.6179270377562063,0.9067872729323987,3.157771283044298,-0.1852950718494566,0
-1.4535899312923775,3.4400995861882087,1.1060775090959747,-1.7624196577553919,-3.636515294260968,0.6479209417136883,0.967951605020097,-1.4846047919196528,0.3137231828969071,0.4250655740150886,0
0.18637158563285072,-0.015934861578293602,-0.3896088949968911,0.09396880208370906,-2.595403748599292,-0.7920963241330657,-1.8842610952077061,-0.9780230235225682,-0.011997344627723866,0.1397905315290997,0
2.354087131589053,1.1044805802504964,0.6310037312233099,-2.1694384264769546,0.150403735559405,0.24495026869935546,1.1902393213233642,-0.7756063614376031,0.9877285159245996,-0.5902165035619951,1
-1.4426175911607757,2.326749634581006,2.626313840663368,-1.10460344981853,-3.8609030635231396,-0.16967267225659133,-0.0019548215774358724,1.6370824079927424,-0.6304584541854775,-1.844596381644961,0
-0.33319475198388626,-1.172285211400475,1.1242889055641934,2.1378008303441907,-0.8022715679069143,-2.817570167303406,0.9401065447910893,-1.18023173420037,1.1402505526712048,-0.8815770813803494,1
1.517545466602984,1.7643586914053395,1.8792859440785812,-3.2245397262773006,1.0901960864664453,1.7983659074447516,1.7548540899866314,1.7464906315946216,-0.7957176635206115,-1.6408571521549633,1
4.7296989416461965,-1.6854888717676668,-1.8373434285803747,1.462503759716259,0.965892468456,-3.40052664258476,0.24817479003811405,-0.17125630482493448,0.1487806348073052,0.3643372423307658,1
-1.582542774239477,-0.43400940180522296,1.2842402831286601,0.045574890805786694,0.25559958916016745,1.0885252985734126,-1.1753520884500188,,-0.33953015666598657,-1.6487533376457733,0
-1.7294207955245953,1.3150388775382598,-0.4978309328741378,1.3788665626553047,-0.2895927645187991,-0.11739593183573738,0.9825913111896617,,-0.5591638350592083,0.9879363430605663,0
0.12477923138800207,0.2319896122763634,-0.9860489849124511,-0.36335099901466816,-1.1596370683333275,-0.3079536784532749,0.14222400136994684,-0.5552730880131715,-0.11315849445608397,1.70343073035415,1
-2.6019656325503577,-0.8135554833715546,-1.0169320652398588,2.046140888376752,3.0430327488954427,0.7686641986642823,1.588895051011838,0.4441451710872574,-0.2904414820111494,1.6867687610617055,0
-1.1801202236584485,-1.123012579220934,1.73796812008903,2.3175447553911663,0.796779417089567,-1.6755860097570914,0.9760108216844158,0.6091355190535136,0.46425123812300356,-1.9130164322224052,0
-0.44625437259816025,0.43821583202971504,2.467515459406057,-3.3151137522140086,2.603846371507176,3.543144443813148,0.8461901594043533,-0.24965553821891934,0.9792597442869628,-2.1860294673522285,1
0.51118553325932,0.755394543866957,0.6767765491583247,-0.07453160487523047,-0.5999101059787988,-1.103288032416026,1.7256430579686395,1.232328605214664,0.8092586281232986,-0.06465824891255711,1
-0.37241025941312844,-0.3942453192570906,2.508271827590786,1.3918045864828716,-0.8558037547091936,-2.951733849198264,2.7004076346310817,0.09293565268297786,-0.06477225979787651,-1.5391528478536567,1
0.1483884038455323,0.7218843090955223,1.3979279378868628,1.1327841798051126,-0.9113925939185461,-2.319214301756572,2.3084925743359377,-0.16176728116566902,0.031063426398931438,-0.8283276976995259,1
-3.0571788830690405,-2.4777838499721705,3.203406151394327,-1.360965389050342,-0.8359806549847277,0.7401982624889929,-0.16599939633979754,0.5598284488280599,0.33276047863701036,-1.3564239138435996,0
-0.34887513370299805,0.9789819127568204,2.179710551748918,0.36916509134878495,0.24883361798658243,-1.0626501716299106,2.765683788473618,0.03162197391024777,-2.1268334877992654,-1.5324436863922095,1
3.1682429758579174,-0.1853160057447445,-1.168952616092844,2.223869195804274,-0.8664452291425168,-5.226281046389553,3.7483318455213035,-0.9116173021539026,0.7820273875741276,1.9602532730891302,0
-2.029825521349907,-0.5748642500807299,0.7217551960438471,0.4958181981403511,0.7934892563297988,1.310027677561257,-1.1290748266555226,-1.1742022957201466,0.780201721186075,-1.0467918905319875,0
-2.2191377351760577,-1.8236207806586555,3.14527122680851,-1.7282135616280203,-0.9935537961788894,0.6564567772400778,0.025242473949198763,-0.6794449849177494,0.29522475834524275,-1.5158655002627022,0
2.651417902164117,-1.6236204987542258,-1.0762112596434463,1.6551852902057564,-0.6067065221726884,-3.659231305759094,0.7137134861034329,-0.9870461789363153,0.9140771642240336,0.8821496072374558,1
-0.8848589177583503,-0.21099166787818469,2.577131443679469,-2.1783584633904685,0.4781300902287815,2.1519876648335794,-0.7207812844058927,0.1351762413426691,1.3048347633193296,-2.582813468514443,1
0.08891011087321232,-2.715313454929972,-1.616021533476328,2.966396497866022,-1.9558276032281388,-3.621802112394969,-1.081701932512015,-0.7841638583598328,0.2625028908518338,1.790504596746589,1
1.8817310658626782,1.497399870465165,0.25913114556599265,0.7609611134472674,-2.434767985217822,-3.22252349295205,1.9801139869319333,0.114845090277753,0.2921688282073261,0.13160419222182673,1
-0.47835361859729186,-0.21426881209086568,1.2836392651253636,-0.7037127955583466,-1.2688804012998811,0.21807709031978068,-1.066334224468719,,-1.1241218588607733,-1.2976202109147008,0
-1.030518451655844,0.23392957951647764,0.8810552533460135,2.4440094804506254,0.2607305330199252,-1.4639556500835367,0.8560371030746623,,-1.1419418191613115,-1.2885914472896187,0
3.432050496668176,2.4090037786662064,0.03352779626470757,-2.553852504851026,-1.1157207183269735,-0.4003021295062241,1.6975450184603558,-0.18733030982130086,0.5095135639296859,0.1695474877221359,0
-1.5317484758850721,-1.4557666719430828,2.00492365944036,-1.2766899282602635,-2.092359903680224,-0.03381008709092703,-0.7083044406377745,-1.5450564074064352,0.667065472728354,-0.705529525372358,0
-0.5157177053867966,-0.5247252077190001,0.5594132422453699,-0.29924415495593903,-0.6824755499488541,0.6172847823550839,-1.8763557127174035,0.1464756116533182,0.6443105001082005,-1.086188573480806,0
-2.2787485299381656,-1.1660497237481977,1.3651718141215776,-1.0774234575134465,0.8653694527970177,1.7648989395688859,0.07629937512067864,-0.9866590277241104,0.02235055496636566,-0.30274629094022043,0
-1.4311110796708884,-1.901025884339981,,-2.068886651054693,-1.2651925753163837,0.588637727502649,-0.37703210662205255,0.28203621046222055,-0.2230256812664022,-0.854515842480829,0
-2.685371882290829,-0.9239559842090099,2.5156377348263743,-1.0353994139046256,-0.32339390565837556,1.0768195700227818,0.34747870179449647,-0.2724269009308716,-0.09931433779203207,-1.139850461419189,0
-0.5187310185932021,2.475004976631959,,-0.6195726085144235,-3.13844771777421,-0.5367135406743808,0.7737836788118421,-0.18324524320928193,-0.20233890687008754,0.6370882777688054,0
-0.1543002257906292,2.8342928786192907,1.0418040284041454,-0.717116184530614,-3.013988142867418,-0.6455901986204009,1.016064592533774,-1.0590371220120975,-0.9972282874387761,-0.34505809654407726,0
2.2682844728128386,0.1779632257737105,-0.8940701035706595,0.14872994850965393,-0.14481488777462437,-2.0093191813616107,1.9731738667871834,0.23604306382437004,1.6264307346088593,1.3423441280127193,1
-3.8249630397323986,0.026263481514616105,1.3318864447582153,2.543076098559064,2.413846698189382,1.225748354076096,0.3102994684392423,1.391920887679919,0.7298193622676307,-1.7879520663665567,0
-2.309445822466101,-1.0034030514093333,3.3781788809099926,-2.3901112077756537,1.7613546438423389,3.399576588121173,-0.8206836820816579,0.36191427073052657,-1.4455181477453234,-3.1841124763628383,1
-1.1808710268438325,1.3543472051465448,3.4474424018658025,0.8821706243755452,-2.615130675957423,-1.5014922185439086,0.03561720264522694,-0.015471640726739578,1.3137821765718076,-3.7694180201623353,0
1.8839082944061087,-2.1492225318389697,1.3607100840135653,3.756000228784601,-1.273028212774583,-6.60008676657166,2.8469822035308043,1.3744849814275593,-0.31667954593424946,-1.0297878719167004,1
-1.1912423704301471,-0.17587270995020232,0.9652994240815905,-1.0082116668079648,-1.0092591082640012,0.5353708001651669,0.028022424421101366,-2.0140632742377633,0.40016960520049744,0.017794900017026327,0
-0.9532263886201556,-1.01126230639194,-0.387088227790579,-0.08568112399206829,-1.2433943256907145,-0.041313030458440744,-1.0545896462416595,-1.8804355440630813,0.29282884358668343,1.0007999023974512,0
-0.01911634414605834,0.5941582691144043,0.09824882888901172,1.1618585527553884,-0.27350156967738926,-1.625683649698772,2.003913590944327,-1.235703022049409,-0.29951503754747755,0.5063326286998922,0
-1.228911783754146,0.6316868730878691,-2.6616911979670133,2.2020044865538475,1.7836152198869186,1.4283080170522389,-1.7038638575890241,0.06573766004728737,0.312865651490911,1.1937334321085427,0
-1.7168659321875446,3.5474371112933882,1.7912878008365762,-0.6980322104756111,-3.1117196676865895,0.5553319615475115,0.3123290734471629,0.7642132033388553,1.0380125273159622,-1.3139299555800226,0
-2.4351211195644216,-1.2305330114418773,2.6052229006768832,-2.135326785986546,-1.5208265909521166,0.6114475416324554,1.0518048632296617,0.6534789819517407,-0.05275510800076566,-0.0383043984167909,0
-0.3492580166956274,0.8942054747903753,0.9827054626277433,0.9719662773448208,-1.0337602940799295,-1.4151630906622688,1.1897544899154988,-3.688365291428444,0.23545579511111434,-0.728135730729637,0
2.6685781781183167,0.6923377289682473,-1.2419824526904124,-0.33502188759539697,0.6980438805737783,-1.4521778062686999,2.6915380053250586,-0.9846336870179554,0.41709532442324604,1.7788239846147762,1
-0.22473673076085976,-0.08219573310346906,0.3994770692379839,0.9786341018392908,0.5705282258594935,-1.3500402110997463,2.342074677034304,-0.38003684628935364,1.030249693969567,0.4199335201913219,0
-4.414492025713127,3.9111658619488208,3.2287460110672512,-1.6763715697459118,-3.858225205775105,2.99061876566506,-1.653297735282531,-0.5837221335626013,1.1765332537877653,-2.7507152063923854,0
2.067453594370961,0.49522194735642466,-0.013014564499623502,1.0527243844520273,-1.6830099262453078,-3.9115154665589555,3.080764502864544,0.4512260161360988,0.17648418366295282,1.0178351416240967,0
2.1621775746563876,1.754111906291223,-1.0893996111709403,-2.8130038069547645,0.740347116248727,1.4498626023643812,1.5950593554515544,0.9437155057560443,0.28727251402742693,1.6991322862424636,1
2.8431873916003942,1.9591190536246175,-0.07168684256495597,-0.15389039683469952,-2.2031716840366773,-2.8801014836186627,2.3761211535158,,-0.3997705114430575,0.5257345888549423,1
1.2726802776600628,1.4765554979994553,-2.500150370503525,0.5458394742336086,0.7933860610654713,1.2915826679563922,-2.2479080002798564,0.2956655514819996,0.21668909749767315,0.39615869557217476,0
-1.8950223263011496,3.182981924714877,2.5828826446437287,-1.9189597594031587,-4.359960354586278,0.8810410433606501,-0.4535966497404793,-2.1357998487348056,1.5199520059142992,-1.7001513542940812,0
-2.079165808896098,-1.4821853598600487,3.7342943218698053,-1.846005052443437,-2.226107608014016,-0.020805111516463116,0.09548368644373695,-0.22327158843330958,0.6255845936750005,-1.9320192219541026,0
-1.80073559862823,-1.3089846176700255,1.5506183831387879,-0.8902666326389331,0.5320167075317075,1.382125280166039,-0.5414910593012554,0.19200423696867674,-0.3095098859272293,-0.9857247470005365,0
0.30134809146111285,0.3562002402437523,-2.1953454132566574,0.2865913454110278,-0.11902220688531806,0.7023386303529662,-1.6007819075305978,-1.1797767493745086,0.4891783506377937,1.5177890333718511,0
-1.5469555410712137,-0.2560081164302339,2.545254811333881,0.3866607370078048,0.5420275849477829,-0.2457185654080837,1.4484535482868681,-0.467738683858582,0.8201435941230599,-1.99670944064788,0
0.9043349603848624,-1.1439589408233157,-2.2025593558552465,-0.6967072308453734,-1.2735077594457993,-1.3096294969312083,1.115403789483969,1.0064110400265547,-0.14648067072816137,4.1104622892553095,1
2.056982360207728,-0.5774232632485372,-0.9732681533648175,-0.4250456000394254,-0.48784470743057107,-1.172171741421901,0.13187240699793545,2.6983288359370876,-0.9026543599878197,1.028149560700459,1
-2.196461907615581,2.125632318270077,1.822364658839238,0.14937678525108233,-2.931691707822652,0.2145083548966985,-0.7503948581627244,-0.48401712362208477,-1.0296962396330605,-1.6922085242447085,0
0.6953910544657615,-0.1962942940086898,1.4150151554652393,-1.4822621612806488,-2.536424513544109,-0.3462383705821065,-1.5796909046383796,-1.0758938287242596,-0.9358312297905655,-1.5041413449294785,0
-2.196390343058174,-0.07295912534140281,1.1054981049495431,2.3140030137034855,-0.0514608786750288,-0.8040373572160144,0.16562306455687958,-1.1132948341146311,0.8918630221607488,-1.2803436376585728,0
-0.8232526604241139,-1.4748766340096353,1.1626576535093989,0.0004684813221571549,-1.6177491962632278,-0.31289601171872194,-2.1249133616736575,-0.433990462215957,1.7872399646046684,-1.3620284100035878,0
-3.2653462257847368,0.404473219885208,2.3062727271319945,2.762585480367706,1.952280875029214,0.5855379816030546,0.17535824343175266,0.6746949778086199,0.9475119085755672,-3.3502972325860667,0
3.28566009939797,2.7820958212360667,-0.3669891109294881,1.1177540455338653,-4.298639503781513,-5.044958391321132,2.803300751927039,1.1565816515942398,-1.2774366038453426,0.9133989401022253,1
3.6465156645016226,-2.2100936608300445,-4.061521517635575,1.6215483572625815,-0.6221414117361086,-3.149777221366799,-1.1747284609416817,0.7321512260547355,-1.101286489839828,3.3569016472139,1
-2.9768284083586583,2.002098700151291,3.162096857739487,-0.5129082047258124,-3.1736829370768564,0.6566308287462563,-0.6168894120375592,0.12184446413245396,1.7256937928147706,-2.63080858266617,0
-0.5246003579428169,1.2808918782590344,-0.711514700704999,-1.8759120662588815,-0.12927758399705025,1.7430633084296863,0.8611545034239236,0.8852563208659603,-0.33348628096969524,1.9009392431837588,1
-2.0516936539505615,1.4060632681727219,1.3949257609345773,1.01634883388273,-1.0137427866737792,0.0016951286018473575,0.19680654725920876,-0.8228559015184324,0.662536033398613,-1.3717663729132672,0
1.4296457941887755,-2.869942369325291,1.2437758413959967,3.113322730622971,-2.047699050095636,-6.0905762447983545,1.635619557402809,-0.5927028229571065,-0.5642898527190192,-0.6861632408406853,1
-0.9158197899606514,1.6070625458846965,0.5217632043682772,0.5723259976768678,-1.6544314491740264,-0.9035168450183199,1.2848705038280688,0.7230379395798638,-0.9878659101397719,0.23053558457123602,0
-1.2334375274072462,-0.5027762659997748,0.6164955636343256,2.541185719071018,1.2150423204293848,-1.2216211947528017,1.080357516244382,-1.5858456403858474,0.9853997114500495,-0.8549549356037314,0
1.0626642694338508,0.1696802850714063,,-0.8740693632985981,-2.7637513432934266,-1.0538282375562862,-1.3028908409315099,0.3884246136775064,0.1871071001250919,-1.5385398458946256,1
-1.3596588175767643,-3.033094086678108,5.308887384318183,-3.627131363837966,-2.0783289790762134,0.6009625787932528,-0.9360954644874916,-0.13954204292790354,0.46041564984282407,-3.641563933585697,0
3.7467831603256916,1.3352626233372833,-1.5667600977573353,-1.2369882427022265,0.9133862125142598,-0.5464211093051133,1.7572761141075375,0.676507476439975,3.377382919082646,1.2915532261466036,1
1.0674548268752875,-0.2476970548686125,0.5355440353813394,-0.9989123216610749,-2.0206504892597232,-0.12123812686936916,-2.417719159101826,-1.31246730344855,1.1770006367903372,-1.3604720960967422,0
0.4768538557222506,0.35256108722447066,-1.5581310699895445,1.8718628954043877,0.18190778475279812,0.3129072899579804,-3.328998790689554,0.43100969213007667,-2.2557913310947475,-1.0313552501437147,0
3.5934592655867754,2.76304091792925,0.4877795937882651,-0.21593245296635433,-3.587496024232536,-3.6518769402519116,2.064317956227344,-0.8089638929258004,0.5424239695321018,-0.42797375836196816,1
0.9812914002316837,0.12843819484074182,0.0010143823853357096,0.21954385893344464,-1.8205451998169704,-0.39346800248877184,-2.925740505463605,-0.6902762332372047,-1.744532888606054,-1.5964457438837691,0
3.534878514586763,-0.5151852393145847,-1.0048182146455973,0.7439891410511115,0.7308307659483491,-3.1231365045102866,2.6610310050516857,1.3385921382956067,-0.17387382031458634,1.1269481396151941,1
-0.0504788439634426,-1.8035731768417245,2.7904235556868455,-1.7135549905724479,-2.9197873092899655,-0.7090768640257804,-1.8393343177377661,-0.3869294465999474,0.981149715570353,-2.3520796645484916,0
-0.3368350506091027,0.32696676910419786,1.9967280768673183,-0.19962382145005897,-0.005578567572435578,-0.4697286340183554,1.4599141492450343,0.701823040543344,0.1699745397492694,-1.5553097262063476,1
1.6609272248721747,1.4561457016253812,1.2648173401679683,-1.563166002646331,-0.5717328944048019,-0.2914003032999215,1.401792344215754,1.1364555743248452,1.2523463622980082,-1.106224029628713,1
0.9851099937129961,0.16720281414670568,1.248518061201694,0.5305722239847108,-1.4831134882619588,-2.7538545172493434,2.1149309702953243,-2.0149012325066082,0.7497454754383477,-0.4748294724371509,1
-0.8306854274356652,3.99028256288254,2.8740528201768356,-2.4731017152464485,-5.683667136223813,0.015947125402819846,0.06013181569445947,0.1918895450216474,-0.7959703738504983,-1.796136712823217,0
-1.5749955484617764,0.4957688622441825,2.2165507453747346,1.613936399728854,-0.9490395344875664,-0.9778256218278555,-0.06310214593565822,2.3176367886738785,-0.9560585516833945,-2.670475849728682,0
0.4351191182137779,1.294668611329111,1.116059941232289,0.8788914037019294,-2.0983866625355496,-2.329720530179983,1.4263528363396276,-0.03204237068048687,-0.605679999935798,-0.8035522801680688,0
-0.9832102476965107,0.17396525749421865,0.1585094355108788,1.4720981588080733,0.5029529612615438,-1.0687545062587143,1.9885479525789513,1.465210503481381,1.5929640960273812,0.5549358083536191,0
-1.0689197868644413,-0.6297536422426063,-0.47463620106242843,1.0649219452579795,-1.9621266677705038,-1.7259039039443222,0.4983469862574491,,-1.1238784051255941,1.7335378006902098,1
-4.213642557228302,-4.174828890182125,5.516920063712032,-3.6364371498245545,-1.4089546311111785,0.9579160343962274,1.4568895187384507,,1.3755969643042085,-1.2812505004748123,0
0.22736309905158258,1.3665157880752146,1.1661342740537572,-0.8780515041847368,-0.7957842343047778,-0.6072027674031557,2.359328022951347,,0.613460165671837,-0.04223880460022156,1
-3.994845851202829,-2.113098998502706,2.5313921038442357,-0.8987671763826496,1.0982608081882241,1.9860597432966653,0.40683993029316623,-1.970308581351401,0.2521948542342867,-0.7540433826314308,0
-1.1851137296361804,1.276014169674733,1.1275376762795761,2.1905797031035728,-0.8377282321903463,-1.504800298234203,0.9297324735586211,0.3970466698823999,0.5724453061551018,-1.3887526821907543,0
-1.2871012930845267,-0.11462516894119146,1.4220755689399076,1.930244982109851,0.9938463366757413,-0.7431005459716888,0.8321127766001579,0.43102295801089313,-0.2880627983512786,-1.8147230937822483,0
3.2134210022259992,2.25808228362998,-0.23400202492117428,-0.6721307674377375,-2.7287276372678724,-2.6190267138500567,1.8022720648832862,0.5168252658244509,-0.9864404990992466,0.5219156705922119,1
-0.7443500720120363,2.615559550755955,3.0021043558005998,0.19389881794667108,-3.0725443238705137,-1.1350375308206708,0.44913861733201543,0.31412949645066596,-0.24897365528067522,-3.1492127550716424,0
0.042553009961147525,1.1077814313827794,-0.8733182899150929,0.7954079802071237,0.8065108287675937,1.1459153186706175,-1.6907443484262412,1.1911730449400957,1.3978443070314983,-0.8277819267181664,0
1.5266868056578153,2.6089063598708018,1.5033561089331569,-0.049197765216674405,-2.838146457400824,-2.592023986027998,2.3205613465894688,1.2687138945765704,-2.19750100526203,-1.0278944802317365,1
-3.776948060219758,-1.7108984106358847,1.931143265747081,2.33155224512078,-2.4366972640961757,-2.72586133042097,1.5854579249661351,-0.7423280128765718,-1.3290076372234483,0.4137667074037308,1
-1.2270985790693791,-2.2043174318225764,3.4988865643003586,-1.9033671029742532,-1.700966931311037,0.18685808553330194,-1.1648986690570597,-0.8144028209931906,0.5709456946038727,-2.5987032057916974,0
-0.6150396194983271,0.032115704113165666,-0.10574987621603024,-0.4175095022574934,1.2504287873592617,1.7370972810627077,-0.8827301656804133,0.20849197057558072,0.9280156591516868,-0.4105767891310015,0
1.6356407161681839,1.4180425688732046,1.5517452692505451,-2.295934022441812,-1.6439997322257756,0.1673316982253243,0.023928009991664778,0.7271679888921005,1.2428268933268276,-1.6200173770506066,1
-3.4724369596847837,-3.097144503601659,3.6259742170933933,-2.3709137620499963,-0.7767774738435306,1.0121328134262777,0.760436047372909,-1.4823967869957688,1.4781212260994843,-0.6314029361661047,0
0.2960397195581077,-0.8667988795727225,2.8325296338395756,-3.8797818066413625,-2.9079424585176277,0.160613428890528,0.1357793830067371,1.610292980482871,-0.08920329769166797,-0.8989180530220778,0
2.212563976867931,0.19821258011245613,-0.8525515193555904,-0.29631225879322676,-0.38484277614092177,-1.1104764424626519,0.3739890710439805,-0.01605403924858619,0.08739142892012171,0.621619156971686,1
-1.7686838758943808,-1.3709993184579363,3.1501567899151786,-2.7420741628560306,-0.8057376612586101,1.2794121989765141,0.3666508826975765,-1.814883829481406,-1.6032168466140961,-1.3271244170325667,0
-2.0562776857556093,-1.48966088802421,0.6852018407073398,2.521238802918467,1.3254228456663575,-1.0564013027540466,0.9615665474876158,-0.6798885397361863,-0.8335982829664064,-0.40334036025525,0
1.5948413911996577,0.6366229131769863,0.12936580706760117,0.914230779803991,-1.8314529621794666,-3.2612060878464426,2.243366483147777,0.8102600443753338,0.8601826383951566,0.585138858745673,0
-3.3273696447531025,3.814046981999159,1.8179979401346453,-1.3904382086957274,-3.3284841125147437,2.579063010216353,-1.3892785736273803,2.0777775851984446,1.6529130512304218,-1.4890412083395865,0
1.5564640313474096,0.34402720666227304,0.5569804653751649,2.1228879530379143,-0.2925681237090664,-3.8356469236819835,3.2805360063034064,0.9945582357416216,-0.6570352370173239,-0.18691241807512615,0
-2.127193868171365,-0.6847173589928406,1.1039320587223351,-1.5067737438955868,-0.3144040223495592,1.285763267218145,0.6535285177016597,2.0135542946486997,1.2205506039312326,0.6855017172693771,0
-1.3278602299178277,3.412277083835604,2.151856424192589,-0.02215165881891168,-4.3322308294041845,-0.8727022193121886,0.1873987831395586,1.917259148426123,0.3421060396504182,-1.792464190655065,0
-0.00451660836203982,-2.152490589503784,1.9181563738034293,2.2224013025558405,-1.2856539996702696,-4.413174614140541,2.348986429838127,-1.3239510842195628,-2.010216654566063,-0.7313055172988285,1
-2.8781141331410947,-2.048181348836189,4.499659350313599,-3.1965103039064755,-2.004126414032955,0.5512037393361064,1.4974034362851425,0.5734474933553989,-0.8965855406471915,-1.159995711288822,0
-0.9613261855707751,1.0477789885757045,2.1819692583411134,1.2614894726761037,-0.7801710306319244,-1.3543688031326675,1.386227329286438,-0.4177830125136188,1.85204004481367,-2.1242110627535125,0
1.0321766465794713,1.3212928915344817,1.8444811750290473,-0.9689263185553874,-0.6764829615761069,-0.6429394922212538,1.5385689582584021,2.0084730109816995,-0.43042769880071585,-1.6576567905662114,1
-0.6832586469387211,0.7333466609046123,0.614910579410847,1.7893136774039804,-0.5245515570817435,-1.6450919925243817,1.4245227272481644,-1.1738733263060288,0.3888189102637133,-0.4232685208709944,0
-0.5944967519620273,-0.9077549268685228,0.6037977687391423,-0.22174481614863828,-1.3065851873369028,-0.10445755181492213,-1.4197085949825994,-1.4844390681934263,-0.30152629576934714,-0.5468359840183303,0
-1.0330578329005462,-0.04034292887194857,2.5227782969665906,-1.0282276754083841,1.425583998336045,1.1770352293779591,1.2476380165757384,0.44176064964947936,-1.1889411180533487,-2.110711150128112,1
-0.1236478323995196,-1.2541631653062093,0.3864806890665472,0.5186481662588431,-0.6232866742749008,-1.0186404193170473,-0.4061709947251988,0.9907108466240852,1.8480401917708498,-0.24764003519839695,1
-3.321029078434234,-1.5184814747562718,2.3982694439677243,-2.6462455680275543,0.654564609834712,2.2314209852773295,1.8982865432225617,-1.8082953284995145,-0.9395651672539582,0.6206703076700206,0
0.12410850951410857,1.8022133978812864,1.7639857712213562,0.760394317488584,-2.0437560433991147,-2.129472716575265,1.8392860876877535,1.2892030514068733,-1.2565653359454354,-1.3987706680115322,0
0.2684336553486605,0.5738181032838661,1.8378884256695902,-1.4719035289102271,-0.16815775266841115,0.4756385498922379,0.700726959905063,-0.5610891309809973,-0.37598357935186616,-1.5797243308828084,1
0.7221669076077184,2.7550887669274946,-0.3189329500788265,-0.25536444770538114,-1.342956675577024,-1.070272380929562,2.7898523856880706,-0.3266475631886115,-0.650656621336195,1.3654230893517405,0
-1.110913814546544,1.7399654412168832,2.8442928703780233,-0.6854172804256848,-3.1328017972281472,-0.6261610104717268,0.35355401235080386,0.29551169159033874,-0.22549342333463607,-2.234257809896664,0
0.13515777006252772,-0.3704705619768722,0.7221537045130364,-1.6944751118239867,-1.3641975939289108,0.40683493574088175,-0.6818505222142488,-0.6489985204731576,0.2651639227465874,-0.1526636006509957,0
-1.2931192454597455,2.707748360305156,0.14171725846437327,-1.5386494677130589,-2.3100933015154235,0.7411637983341215,1.6213465458359955,,-0.0628938668998582,1.6760181176198667,0
1.547966100522955,1.58423941512436,1.0078500925537006,0.3480516620512568,-3.230732223763456,-2.9331909840856336,1.1635063200783862,0.10338199621209512,0.47001366124666144,-0.7683781676522369,1
-0.7299787927169878,-0.10927460942937217,-1.216146039665243,1.0193265323726166,-0.26174363148093993,0.350065795653417,-1.6831300928198147,-0.22847254380954055,0.25678325732472285,0.5612579393148038,0
-0.7032541648836224,-1.0673521093989313,1.025789855531539,1.091508027187344,-1.0955727389780525,-2.7528365146828206,2.6896475678113485,0.15047449877390098,-0.28815026242251623,0.8434572170221225,1
0.3284056487837723,-1.7159330006383464,1.0628658261945256,2.258726837143543,-1.6459497406189167,-3.9293167656373034,0.9507781414762738,-0.11717200497437547,0.3959142209580454,-0.63788063833352,1
-0.8119171530560525,1.6583878362728357,2.6490522344382326,0.9065184320952216,-3.0707712573713986,-1.8524615431627591,0.2887073134021185,-0.5090938053115694,-0.12887737868875357,-2.724730312064019,0
0.20990365789116683,0.06926240798227634,1.6421432589176406,-2.6042157142386273,-0.6579404384838388,1.731069640611703,-1.307134040204998,-0.8034342741712571,-0.3171028325739657,-1.7296931943205114,1
-3.0123787154483908,1.4126038003830992,2.4635178837999376,0.49376573123377754,-0.7405566583782321,0.9199115476589658,0.09704609819210919,0.14204447883054525,1.3722713166079914,-2.301389593118258,0
0.13954461532720286,0.831139824865677,1.6915393811956152,-0.4160765076066537,-1.4730848548535282,-0.908102551629339,0.8567414960581365,0.3918287077161016,0.4283529137714487,-1.3109606248608066,1
-1.0228645492153754,-1.9939036048602246,2.3049439526780544,-2.278282632476123,-3.4629952032818743,-0.7311474390053516,-0.4374594631448717,-1.94249769096177,0.4986899121355445,-0.11889283243472692,0
-1.5028289925573062,-2.6463578818665874,3.838709434808085,-2.504563988798849,-1.606738757069094,0.531324873693653,-1.017463570087989,0.320187854921873,0.27751585888189023,-2.4957725435419746,0
-2.194677265729826,-0.19583265659156335,3.0770197949164095,3.2107778088881207,-0.5570581297522538,-2.0301403772143667,0.11408666773095766,-0.7934597298834714,0.11397066812777235,-3.9029998871141283,0
-0.620671779475187,-0.1957916461469411,-0.4182036067519021,0.9779283209006708,-1.6291950058660067,-0.6874717536242857,-1.4908319419832645,0.18745938208891083,1.0156278839944708,0.12307200226335069,0
-3.5614944151240366,1.287325560397532,1.904557510771155,0.9862876809201591,-1.594172850428028,1.1665784511553907,-1.704226129350495,-0.8550954744092049,-1.0006293724832407,-2.3042835304119116,0
-0.8757244746868793,-1.1443876393676193,2.1185457407827,3.0588575127087485,0.2165727241430908,-2.746536337913604,0.9618004546069954,1.3643262441708666,-0.028217878937229775,-2.5907994333720437,0
4.446773068814139,3.4727819884344764,-0.8996557710645485,0.6665081713924019,-4.816958619160429,-5.357833578797795,2.985051944499485,-0.7969866688138775,-0.23078615210272213,1.3567471531927149,1
-2.3151494390559324,3.5036714215740763,1.921676187532039,-2.004818354711576,-5.059142532178075,1.0298639157817857,-0.5948012091955179,-1.0525471918701104,-1.572989257072861,-0.6445649689376396,0
-1.4867834942959037,-1.4616429145609757,3.2756989841148294,-2.49526697145868,-1.274005840911908,0.9545061976479543,-0.36538473207022026,0.3358472647200691,-1.0814133807392872,-1.9233831201341678,0
1.925073484436092,0.8789206774023747,1.0221632028584182,-2.0693325076475704,-0.7331760376456664,0.1486479869865103,0.2568587372240084,1.5246385964827562,0.8571583884232884,-1.134153006573102,1
-1.2669247763916776,-1.2280381173034387,0.7224096333383414,3.517764808695266,3.0565959036325587,-1.370541560788515,1.6324112600281782,1.889278795503996,-0.07285768884105508,-1.3771180339972626,0
2.7412074542180322,2.7461458874395897,1.288312567855035,-2.07871415199197,-2.6902884587085483,-1.135870205289946,1.238030842911574,0.2802359460024943,0.2921488421187989,-1.1814383963223953,1
-1.2370725417791035,-2.1556898262078192,2.742850347973739,-2.078982377480985,-1.9297342577988787,0.2022413141591792,-0.9183996098190725,-0.46285628571437976,-0.29505618980564213,-1.3836818932528125,0
0.2785265371663679,-2.4997957751918265,2.0392309255656142,2.2924954059679186,-1.293832394613125,-4.788023973735396,2.410870259321315,-0.07878840008029991,-0.766352609265016,-0.8616516005473895,1
-1.3054445227799074,-2.273765351290076,4.0576876835857405,-2.6528402594153078,-3.236746255816371,-0.4626123395963125,-0.6137489170938268,-1.5297489550040915,-1.0084330205311458,-2.1475042016148467,0
0.49936204857720656,-0.12483740273742239,0.1377655425656431,-1.1852258950808574,-1.4028975391481604,0.41241337513467774,-1.6153241436887202,1.067997778058972,0.67101780491777,-0.35754492873812105,0
-1.7398114619315757,0.3334093346971826,2.6631250021927464,0.7508001367092996,-1.2624781875889657,-1.1067133666857076,1.1524879770369516,-1.7684154256380724,0.5343472134537843,-1.9862397008856698,1
0.5469454131717599,-0.3250490057191029,1.099384974750691,1.435186270784671,-1.099652475288914,-2.8354498578666454,1.4555638423178185,0.5413212940082783,0.36022603707742873,-0.8042218505624866,0
-1.4257940476173074,1.657543571243677,1.386008447924332,-0.0340222616887218,-1.9040976368796305,-0.12591660035688199,0.522541926563515,0.0022316221624020006,-0.33787777547380676,-0.810042747822769,0
-2.2198893298616635,-1.217745982571846,1.469969412524362,2.5002340479770684,1.5779500351974227,-0.723130763626896,0.7420062089326322,,-2.245585897565163,-1.614076656753704,0
0.5620297069010884,-0.11481737025068306,0.32377929072510586,-0.866246687460646,-0.9291686319952681,0.3757703451525101,-1.5511568946545133,0.3465270183130004,0.6180684939300419,-0.8522589668351748,0
3.541685774780409,-2.343756830543647,-1.17133401415571,2.3109902926292456,-1.1786564862185567,-5.141879048871683,0.6474357834930404,1.2638559390963884,-0.5434204297765169,0.8087626069099418,1
3.483306694244477,-0.1571352223500252,,0.3236761951076541,-0.03599522348105055,-1.955684454706547,0.4172468651122281,1.0274793433526916,0.8823970897899802,1.7504759544223734,1
-0.4662732248224799,1.6913000090093138,1.3420631461408412,0.6562314675945091,-1.8181922120265583,-1.3088084562936524,1.1462322236915772,0.31695200698411535,0.021888821164834777,-1.0494321779328986,0
2.0054170786136,2.372482376623003,1.35913774019969,-0.16713016049305007,-1.1723113253974373,-2.2772600062654345,3.2728152004899562,-1.5365306903820384,-0.1296730520286007,-0.8954843805588282,1
-2.139714153743574,-2.209215105129039,3.1341784387581693,-0.8983085828039574,-1.4251407318714062,0.2821588241025196,-1.4817441584320075,-0.06541023359539401,0.7819425354519183,-2.44548295079103,0
-1.915946174695836,1.6656957183697347,3.198111547012084,0.8856149073890798,-2.1695378986272034,-0.5438531546437207,-0.3710055820779683,0.3270723748778453,-0.5924654553805143,-3.666563839512824,0
-0.6964621111087999,0.49041228730488085,1.8818593898426164,0.16954059906152885,-1.0166852104134088,-1.3835293217659348,2.231532569255294,,2.206468979884672,-0.6920731566320109,1
0.4930006436034964,-5.012795206835463,1.7241094231048373,5.468711262749845,-2.3384693672379013,-7.548523572637243,-0.1890254290826432,0.21187917882888407,-0.32390885321592183,-2.0647972569499022,1
-1.3462902126808507,-0.22301041248293352,-0.10021817074952424,-0.4265769254398615,0.997688325376038,1.8817591621068217,-0.8985901182387137,-0.3283752594168024,-1.1678653072917102,0.017587235217148667,0
2.0356730980257964,-1.598147183957784,,2.4859191370650544,-0.352734960365916,-4.934936747697812,2.3965930046706783,-0.9019926494431975,2.8652120230859626,-2.1982496021546334,0
1.8586283537023438,1.9096096667335485,0.9028998913130879,0.36375305331659513,-2.253555527618169,-2.9461153602943697,2.420502654879262,-1.0674339329604994,-0.0022381164741810933,-0.45668080014933654,1
-2.1973364449532404,0.8287453901032467,1.746478266290692,1.1700924691035406,-0.8923248819504909,-0.2367936448887449,0.20909899761842166,-0.5106084992975795,-0.6547697756239492,-1.655261439357271,0
-1.1329402828950181,-0.11545219981196986,1.0098576588104504,1.2095743068140903,-0.8934098276611294,-1.382842064522075,0.9407806929457166,1.6414286277223145,1.8076308056706858,-0.41262109659718016,1
-0.050856948047838246,0.40539697166239785,2.946766300017862,1.8259544679905675,-1.6868196208668618,-2.6634547440734524,0.39153393973456785,-1.4035586295636626,-1.5530352778398206,-3.700661237713136,0
0.7873490968335213,0.45655225399967425,-1.6571092039857724,-0.7879992762170085,-0.8097638464797194,-0.15630257221062954,0.5837985165957937,0.5846229524867408,0.003060116738572855,2.5190962757395328,1
-0.9903674658174279,1.6017628641108717,0.4310099255187136,-0.20846681771499487,-0.8662592028379948,0.1928706452934497,1.192964086937919,0.49199348683649613,1.101737861786209,0.3542090288794668,0
0.8364534088620899,0.851250431982567,-0.2925477401631522,0.2344339446300846,-0.5626681367554517,-1.6584229789242542,2.5618854296067153,0.7445863984731299,-0.19360951103550808,1.3506228266716693,0
-0.458867965345368,0.18246933566948065,0.5294512537825611,-0.738980804036935,-1.6032566063101426,-0.630802329914368,1.0838677410782886,0.1686513676101955,0.9252818927168314,0.874140774668209,1
-1.4721902511579033,-0.2575484943903683,2.9460716595630303,-0.5168462564218959,-0.08387219479621155,0.47375764662926606,0.21897199283916613,-0.2927579187724547,-0.21682705022214338,-2.6982319499634912,1
-1.3952740952736735,2.081419417981758,0.6727156947864126,0.27038392833790514,-1.3394239856644334,-0.12164721432281968,1.3281569258441026,0.6628410930216325,-0.6729053320094016,0.09993086410790752,0
-0.36660938061682513,1.080187328145806,0.5406930084389929,-0.5093200678573764,-0.4445727457857924,-0.1431413421005872,1.7949885232642335,-0.08633785824672688,-0.18919018127507997,0.4787499996533383,1
-2.2293007253014188,-2.1910246886822202,2.2627125712370026,-1.9646991146662014,-0.7114268552193921,1.0819998297913858,-0.22489847715223188,-1.2295262512173861,-1.2628647537281779,-0.436483824103148,0
-1.023108513011583,-0.9542429549989327,2.18346978006721,-0.8951117802148627,-1.5441468361763877,0.2120284848320048,-1.3970717590683397,-0.06611239395200703,-0.17117936979639942,-2.0043209760895344,0
0.9158814845291259,1.1606346345472383,0.02751672646037332,0.19449135548120744,-0.8125929115819858,-1.0720219046796717,1.010862654675719,-1.8482585300784151,0.006381540963314977,0.016154741859431332,1
-4.011489204680846,0.6426044427239432,1.3575864295826303,2.004145183968734,-0.18330426168762626,0.7936333553490117,-0.4996037953710608,-0.010465129052729338,-0.4283182577977557,-1.3779841829039055,0
-0.9256619283757002,-1.7547653558013097,2.8921150921833667,-0.5538163777812946,-0.2238208269423969,0.6826119658312814,-2.3423079601463126,-0.7542981326071427,1.8690665036782608,-3.7659358418156996,0
-0.13283309526285425,0.47896723969604404,-0.3219731476168919,-0.3696967577491206,0.7313884161962929,1.573768777858827,-1.3830426999068732,0.3454141816438536,-1.0685207540824389,-0.6077263008308924,0
0.5493380798385721,-0.3670062226184184,0.3256456442956103,1.301422311636706,-1.2019022662400134,-3.106364965191349,2.3766273518640912,0.38818579565473343,1.031380525277331,0.7923132023339506,1
-1.896386003298412,-0.20647936248271104,2.457966959682265,0.1544139907869102,-1.2049431082379136,-0.042181992202083435,-0.48011628432172837,-1.4228769078115544,0.03971382171963468,-2.2356989076872154,0
2.700922609216569,-2.7847693302543357,0.4309808203236143,2.598744302654079,-1.0598425380515688,-5.54953575470872,1.3719749072115086,-1.3477092303094034,2.2143299425565965,-0.45838843337129864,1
-1.1419076638171801,0.30693379027169,2.566506442866826,-0.8696438334731329,0.13133225737052312,0.7251028166442564,0.7321307365051483,-1.7394252442322782,1.4341770365203266,-2.1758827500188644,1
2.3398036263256694,-0.10224944254975477,0.5574300031833335,0.5361356626825573,-0.3485238238714834,-2.7666882815696323,2.022167265491699,-0.022030072516940464,0.7907593122325293,-0.4553050589241674,1
3.3760510016241034,3.396422892374097,0.4731806457938254,-1.3285513571306442,-2.010530510054191,-2.0513832477674034,3.109478395359096,-0.22789255876583409,2.5303696686416894,-0.03133175670645327,1
0.4456673803956218,-1.276744346731758,0.8032810319682813,2.2662349570353766,-1.35665106141699,-3.3646573808092177,0.34513473541109063,0.30634753393202263,0.1017883337073275,-0.9502870559289063,1
1.646026850180109,1.2537819863363122,0.2591990027762989,1.4435769924668036,-3.3446788976648225,-4.067759465232592,1.6672699003077174,0.2750022982918108,-1.4089607467920393,0.1615047809063792,1
-0.6366305243924648,-0.959584501526483,2.2102126742824506,-1.323534543774053,-1.2589153572146414,0.5092813884620324,-1.4716254335199233,-1.825657995664608,0.40329960416682403,-2.15779437623418,0
-1.748214320151812,-1.2972278158399009,2.41110283690615,-1.780492662148534,-0.10643816664744465,1.3351957009804434,-0.14113124853099168,-1.8156489758788175,-1.1586032636594852,-1.3143949879387595,0
0.5281864535950762,0.08675803881000621,-0.10268566180937788,0.17542949179604284,-0.836556649126597,-1.172202774827414,0.7978300968385149,1.7183639957638757,-0.518637997484576,0.5705613769155562,1
-2.9129962671394396,-2.647886403881663,4.342703471398096,-3.1877045272497075,-0.7952049012950939,1.141255727603388,1.2869660307748703,1.9920944074974534,2.035531456719595,-1.2710016276146896,0
-1.0582401176890577,-0.9911765039515754,1.3205941476693595,-1.6431701762008952,-0.7061751018252806,0.9589929395312423,-0.4935250697364444,-1.314878664404412,-0.4351387479620344,-0.37165253450573166,0
-1.2762038212171343,-0.3299478848599521,1.0310058112064842,-0.32114112800498695,-0.9232089179784493,0.31873591390708506,-0.5449937268895881,-0.20937561331191326,-0.6996008087023639,-0.5967811060053116,0
-2.6336106530547365,1.3759803018543078,1.0678427790738796,0.8148000058247381,-0.18465334047166682,0.7801977788948602,0.5967471799027553,,-1.8730058309306206,-0.69771411892419,0
0.01237767245483501,-1.0479546952757965,,-3.8829209224403463,-3.8613108113317316,-0.4766229032554703,0.40120081249956985,-1.245051223503995,0.5163966677865788,-0.7563481778145774,0
-1.4492109265996027,2.187425536065803,1.988656952185752,-0.3788940410232873,-2.553732350961199,-0.09917999349930527,0.46662057664701406,0.08291185317203993,-1.6251212588825248,-1.4224561999033534,0
-1.697364272426729,1.6821631614873582,0.40348017339095227,0.29876083586301283,-0.4814658687457859,0.5266442608030563,1.0128810710274927,0.32093006192565754,0.07991526374003749,0.20944804431435116,0
-0.8838783802751283,0.046993370540851176,-0.8649210567527611,-0.30853948875462833,0.48373135010739254,1.521869811868743,-1.008832330282172,0.6381869988485734,-1.443200793785794,0.7700054114270183,0
-0.12494431271177264,-0.07519505180924257,1.785699945786858,-0.9988021494426971,-1.332094830245943,0.055926993453967073,-0.7450841301933633,1.2218046849767015,-2.0648652776836416,-1.7873450931624513,1
-0.28688515486426414,-3.2366405801404867,0.8497153869184519,2.2042251115634306,-2.8052651219439095,-5.040568495241733,1.53230926780151,0.2290948316463794,1.121689142387919,1.0959396317554075,1
2.41370218923042,0.2961750925417924,,1.792005655386635,0.3593708846959338,-3.5285107400956868,3.434133067688197,,0.25062823210330204,1.5021726096793815,0
-2.3108324926808583,1.2502340580078257,1.432589466900714,0.7703541651109715,-0.42890952668396987,0.42084861119034284,0.5674902126641952,0.6672451474292419,1.1892264612557852,-1.1541637235820168,0
-2.0001876692556495,-2.447546465156523,4.5748852530681905,-2.3749478107697337,-1.0009974481795667,1.0636495621998898,-1.1297329413556727,0.4335624601918793,-0.1528549918142255,-3.6050603123883183,0
3.389653282105818,2.612788453186213,0.27580196702651705,-0.9776771206702833,-3.4655923723483126,-2.66781446058211,1.3787829923316954,-2.521604801462043,0.19767556695424515,-0.19071081414404023,1
-0.3053105407141379,0.4078713632002149,1.725889494466761,-1.6331945711754166,1.2277430759378958,1.2978491250408986,1.4891848601637827,0.26930618956233815,-1.532598234597762,-1.106882732261775,1
-0.5235092499152179,1.1781949101952862,0.4078878664601994,0.9888187064504683,-0.2954795980423305,-0.8391773060309037,1.4504386085205967,-0.33346069318177196,1.0835831031099956,-0.13349401244045256,0
1.9264305960569215,2.5030058051540633,0.644503047113873,0.46946519505398054,-3.5313361489174837,-3.4560332976495434,2.2528111356144858,0.36926377764990465,0.9752005416847661,-0.07606272055997931,1
-1.0347480111344196,-0.4902035866313139,2.1301335642291037,1.459074919705686,-2.084437587530564,-2.27911509953934,0.2159956286847008,0.7531899497325488,-1.6102631187918002,-1.8510368750666015,1
-2.3490665971425244,2.192063192333692,3.55961332707634,1.1446060914419458,-2.649941318151949,-0.5170475846537684,-0.6379574802114918,0.7043362098540789,0.9653266671611266,-4.2243400733331224,0
-1.4624908917237824,-0.7540353175652035,0.4096114912638276,-0.47218714845243837,0.7521307976829106,1.3566195637043774,-0.42588752151770115,-0.9869427365015568,0.016374241931293703,-0.02990852958515755,0
-4.428216986794621,1.38679641393802,1.473318013744127,1.3222137092580621,0.1525290167732125,2.181595032410622,-1.0324570912428976,0.4664445968402613,-0.5379785288219551,-1.7766147295403227,0
-2.882201964516865,-0.9716817372358082,2.0356100924645335,1.828581117434776,-2.082692033994382,-2.741011960021159,2.4784068136861634,2.2096055760423776,0.665334534508875,0.2923102154517938,1
-0.07685552735821466,-1.0750084068436245,1.495149810108405,-1.988074342205315,-1.9906595318796625,0.03546966559356889,-0.7872871299677368,-0.1771681151147619,-0.0016217169633801235,-0.5547105081946184,0
-0.44553121903098036,-1.1803252161701059,1.1150926518810096,-1.1593167967425,-1.5542072288554751,0.24453835126896695,-1.592398589746933,-2.0017401674762616,-1.6651252963040444,-0.8228749725062745,0
0.031067504341015906,0.13791808430080588,1.5054049860100363,-0.6104944793300645,-2.1949628291365206,-0.7663352561046017,-0.5352395154909129,-0.5738199139101188,0.32864402580480856,-1.3080594585042298,1
-0.4488830877103642,-0.0018897871537674193,-0.35457144642094524,-0.8063898618549281,-1.2609700542234428,0.014709071546572992,0.26251556498189665,0.7099327481472374,1.2663302679562887,1.474015106422143,1
0.8915609267384599,0.07258407859056537,-1.2204975691924134,1.1023551249933536,-1.2739143683860499,-0.5279570334391657,-2.89438698848575,0.014108356253124855,0.681634223668389,-0.5053098537767932,0
0.5619580728499601,0.8028650033437067,1.7776426949742807,-2.5840841562050842,0.15638258137749395,1.5397214140143036,0.3733138340418284,0.006548657804539276,0.5870575345945356,-1.5722492582591772,1
0.48949641708804825,-0.11133317692778377,2.089314026304431,-2.4537175063150176,-3.171178967073242,-0.44313807790278786,-0.493504848775022,-1.3661983376689175,0.883606785994169,-1.1010170146874882,0
0.5812127880874541,0.18364966939094374,0.332665937775318,1.2910400907578148,-3.198755959395996,-3.181969151794091,0.35561917543201693,-1.4092157980245135,1.46644239118858,0.07210776102268568,1
3.751989642061039,-1.5734451035911436,-2.2060122937893483,-0.14020522823166148,-0.7062242424975798,-3.261216127427061,1.7212147434359388,-1.0359619286066395,0.18209824581586204,3.1476861717436133,1
1.84783625240174,1.0696330651354287,-3.0629199651926027,1.039956906725867,-1.0692932870673455,-0.14758817364558963,-3.066829177017441,0.5817233649705059,-0.45903167317890037,0.9658356600130897,0
-1.8467930503404335,1.2108769155769086,0.5862786835028206,0.4587379090435164,-0.3939525987678191,0.43379370527087785,0.7839912010901047,1.455600479257298,0.618360566259665,-0.02776100778241719,0
0.6839947870903913,0.2597834487935451,1.0114519889153264,0.35004477756621466,-1.0863534397683985,-2.114080736010685,1.9722858303079236,0.539764512828342,-1.7941435111986004,-0.2407274015152605,0
-0.5621442465897295,0.2750901682978504,-1.1805778505487958,0.7215398217055908,0.1713523185789836,0.8070601526341965,-1.5466180199170836,-0.25155190018413637,2.768373605625943,0.37573047441546237,0
-2.7720616458786305,-2.311156308494006,2.976532236747419,-2.0440268814826483,-0.04413650390458157,1.551137036646212,0.016050200772835588,0.6635978685607627,1.7443111147431112,-1.1331882071624484,0
-0.8684591677083489,1.9055959523510904,1.1399151473584435,-0.1941242909452605,-2.4017472006587677,-0.6203147146227457,0.9068842437859981,-0.04779925038478981,1.5758758095019694,-0.34957626638974626,0
-0.5250178660832361,1.9231024802748107,1.5977100830422108,-0.5260123000364225,-2.3159432236742585,-0.7383836968254361,1.303882425053422,0.15140739607201872,0.11758862988720224,-0.7309885647764287,0
0.18903556501150243,0.31419323456434,2.493582339106265,-2.8809317558272225,0.7194048355381217,2.238566782012894,-0.22556730196540342,,-1.0469217501069061,-2.5854212405894748,1
-0.7093720339756162,-0.6352241707885948,2.894774837885303,3.485868145816306,0.45196853765761014,-3.091797810183018,1.3740519922189036,0.4705098473785568,1.0581700938241017,-3.787915624409779,0
-1.2370499962682762,-2.5354339898847904,2.9363898825067074,-2.0611944675627925,-1.812516474483282,0.036692153954557265,-0.8045537913633383,-0.34319156868671197,-0.9906232233772576,-1.4789096388381555,0
-2.2594577872012502,-1.1126707152145001,0.8211212596477724,-0.16728304723057397,0.9448128973846694,1.520680273643823,-0.5551800817547381,-0.45822302925650094,-2.4874567587061294,-0.3775098022368357,0
-2.6161923824600386,-1.3725125592403367,3.5268210183078015,-2.7168628246728277,0.9112038207652349,2.3365521853653273,1.043233007413054,0.7985666731105902,0.3849664160476343,-1.6551040914859376,0
-0.7764458379175005,2.9285959550439467,0.1832505327444778,0.023016921902032195,-3.2188225454389796,-0.7680436926418648,0.9024309300165443,-0.8055266825105205,0.5327832093226242,0.6560702635201434,0
-4.385061883756425,0.5398881256647226,2.397770039360199,3.10752029917252,1.4795639390129907,0.841881515426445,-0.19884223039161864,-0.4693464664267112,1.7279638353817652,-3.280382374334974,0
1.120018135037491,0.9659204863182627,-1.8282927229741304,0.12666788178674837,0.3428713319711554,1.0284880806226528,-2.030006944028125,1.4901375220998412,-1.5976197291684564,0.21094569859739987,0
-3.012380762775096,2.0559885767934194,2.3430346531618307,0.08953474935282157,-1.6193001917693368,1.3192870931826426,-0.7263158035518487,0.39495797032330715,-1.606256788401958,-2.4043663808696527,0
-2.0250285868036055,0.6375694944957158,1.4550340319530979,0.8945586998908407,-0.5995264766855282,-0.2630943202950703,0.8350442436544528,0.6007330151455916,-0.31815850161792886,-0.9227468362675629,0
1.228855520794787,-1.351173496076589,-1.097979250169366,0.4623505379258457,-1.7893943977118347,-3.3404080519932693,2.303898351644158,0.8187659708488161,-0.038323835697372494,3.1023121271462055,1
-0.44966713242970224,0.1277148349323467,0.22303052276556581,1.1781862624414992,-0.09310448630733881,-1.6567004083184944,2.3489179536653486,-0.39828303354254857,0.1551553428653563,0.801177834392558,1
-3.4190403207856512,-3.993288534151579,6.43179411411638,-2.8945464177170495,-3.0863743406744923,-0.25067757853351597,-0.2741584225864113,-0.6141435312471847,-0.6783346293354934,-3.5157952695051233,0
1.2764107026003204,-1.3321229123147291,-2.1917955453322806,-0.13709708839480417,-0.2402153221613017,-0.42004174462722016,-1.106674607463364,-2.440704014775084,0.2496094582097118,2.188217644185312,1
1.3162079738735697,1.7896515456151039,0.8211921299590387,-1.4841266899462766,1.2257206098140108,0.27322623156470843,3.200503406610531,-0.21224430983993056,1.3914579669559421,-0.10445766870869944,1
2.069212465203494,-1.5038833296681315,0.46623356229511914,2.4326676770026934,1.4053310285242744,-4.133053390176397,3.5110664093441097,1.1328046971748071,-0.4047953794202932,-0.18924856114414268,0
-0.6841526424700712,-0.27845594975062293,-1.652721753822853,0.9510110312828028,0.26244487082756374,0.6545425430020178,-1.6422844056852537,1.2812386535229803,-1.1565552170673363,1.0241397290332728,0
-1.5332717497366266,-0.8489767303048432,1.6631513832433114,-0.5438525643205466,-0.5860650124317432,0.6829189734848893,-0.9282147668140601,-1.1286345143792071,0.42232479744987467,-1.367822085921619,0
1.5724156460798513,1.1956496369238088,0.4234987962954911,-1.5033320704926543,-1.4141596876888753,-0.4868069540055696,0.7794576183265433,0.38420922164946225,1.734041954422619,-0.04428844497754647,1
-2.0766935439546454,-2.067506332942293,-0.01090166155412263,0.12094346992956839,1.0767360519206552,1.268036246544959,-1.0614865131018794,0.29657267669430815,-0.36331200838854505,0.4658420023519889,0
0.743787035147369,-0.4157741438068312,2.093086636103453,-2.7732583589325612,-2.287448637495304,0.195987721212757,-0.8432381241975948,1.4929526227538277,0.533695248006193,-1.4718980128335355,0
0.470392319394785,0.8064469075572072,-2.438075655029137,1.2117146394374592,0.3707895815865556,0.7707092811875946,-2.3599622071015096,-0.17149560038823927,1.1572445477310251,0.666133384177632,0
0.312886748489704,4.439791683735189,1.78047817004864,-2.2012929034793967,-6.218769078143773,-0.9230377283587149,0.4662357939283921,-0.795988910008754,-0.31267716965327597,-0.6987368201764868,0
0.6354231422088918,1.4456008113986565,-0.14587225349653607,0.15850470361471036,-1.1082313069600245,-1.476283468554944,2.2539579918393384,1.1655948951441282,0.9625025919532985,1.07366926424488,0
2.0665699233933403,-2.87889808866366,-0.47821222928225054,2.4144192600487973,-1.724466841241827,-4.813932130048367,0.04628986629543097,1.9262858548553932,0.06078537250130285,0.46367564791880533,1
2.5206899410609434,-0.5516150329606393,-1.920415841730707,-0.09843954181442882,-0.6960036801390679,-2.261969004178466,1.6191569124420724,-1.3326784410252037,-0.22072875695836655,2.8373307835128228,1
1.2335828504897692,0.04938260013820295,-4.283506328975903,-2.020515220585419,-1.1756805561980743,1.2550618743680457,-1.1899192772722746,0.13885603243088018,-0.7215690823400293,5.317922422193838,1
-1.613834285941331,1.073149380124328,-0.12436694149013745,1.033361420039627,0.12840438538656618,-0.014240170009885538,1.4000475867141178,-1.1516811090343435,-1.1809724836643856,0.7919894924030122,0
-0.26934226290786345,-0.5218212664793508,0.3971137906015486,0.5940802469106496,-0.4894462246947957,0.24792566461786486,-2.474934396089771,-0.9242684025950716,-1.4512262989011584,-1.7182392833078761,0
-0.9290367190211488,1.0037030689077802,2.4266365856647547,-0.563114229138437,-2.992727915977582,-1.0107816958755704,0.49907875329538764,0.7132662507965424,1.3142265757035791,-1.5440131148171812,0
-1.6439638212650411,1.4026989872310376,2.1320147331674284,0.3212747667010083,-2.320539999178858,-0.45928884575070705,-0.04991667335623329,0.6079475670057539,-0.8464978028689073,-1.9045568383990767,0
-0.517011605345802,-0.9649285488857429,-0.06147103360178767,0.19047370625998505,-0.9456507733935112,0.011957025998820795,-1.8187197324273514,-1.4000712344017388,2.3456241618964406,-0.2272908676434493,0
-1.844549871935203,-0.6614843998415284,1.6804840237939476,-2.3752976403666493,1.3627133498213557,2.6643578253640414,0.622932012695671,0.41135763115143903,-0.7204550706750589,-0.38927683049174955,0
-0.8156227613397617,-2.324164326001454,-0.14482556359745058,1.9814203677492184,-1.8104813797497359,-3.5369033252198334,1.4877864869059743,-1.980836470922634,-1.1574157902154336,1.969377232132727,1
-1.9501351275400642,2.2454543486236065,1.6443164653593378,0.19015665091323886,-2.4575609326587706,-0.01671775399919919,0.22025943616960686,-0.29969605666431426,-0.7617603706826457,-1.2087179602083717,0
-1.136592547957279,-1.879570074436014,4.559001856828332,-2.951308823294219,-2.7998961053939895,0.01778888368380047,-0.6671656550637364,0.7673073626024868,0.48721819463042715,-3.029745371311197,0
1.2144020920118377,-0.012250586431194366,-1.1937237320721894,0.7652813237079725,-0.4201794762032788,-2.2587924270001314,2.3467371466800517,0.2607668174830632,-1.0578366186102344,2.2520807463403676,1
1.6786554398564753,-2.195074882814336,-0.5022894940622498,2.236496433319309,2.602567595750008,-3.410646332535831,3.917926158369996,-1.7157083186381294,0.08551332963959903,1.3153151261513747,0
1.400513155906273,-0.7193648155588246,0.4273349499487206,-2.8926372955309034,-0.18857613287437047,1.7445313258121955,-1.9566550635934008,-0.20731609600824458,-1.587188069678454,-0.8195320832489571,1
-2.345835855894313,1.9100148150681284,1.0376695432434524,0.35354626789191945,0.9048403980848052,1.512950780473667,1.2481565844701412,2.209855665748464,-0.7074395448121878,-0.749968563887704,0
1.780443892284699,-2.458559338710896,2.4496047277147306,4.203206301775425,-0.8929800232106956,-6.309182385455653,1.4413797196900826,0.3323723332239848,-0.7865720915578501,-3.353746576345002,1
-0.8961661899803415,-0.9836830002552928,1.2776663022579424,-0.46370108147484945,-0.26247164607649764,0.8108240532257842,-1.6777712210511275,0.4205367059040693,1.5323803825876219,-1.6499142520820906,0
-0.6140510346051633,-0.8515679511436929,0.5155600142611183,0.6001373880168512,-1.5395616181586367,-0.5820175407914615,-1.8777610089559942,-1.636403019206485,1.4548261741466506,-0.9427464860663571,0
1.478642613411234,0.2518469778915,,1.6476223129531493,-0.4884759139261047,-3.3700652685022496,3.035095351347831,0.0077278931756846435,-0.44258929277415615,1.1402420471774204,0
-0.43048529037807437,-4.052705623383339,-0.8875832773546308,4.947770878819485,6.376260822458923,-2.5764480168367996,3.5220292887787297,-0.3617238360933866,-0.27595145169613816,0.7379788204398119,0
-1.4361642448064589,-1.6094668835876893,1.6665749133083407,-1.9165767612815479,-0.9602720123539277,0.820666538344677,-0.2671925764763088,0.40582408667381425,-0.14486675514609437,-0.14264416658347867,0
-3.82244464703816,-1.4661435811381471,3.5189357819534806,1.5654972434109937,-0.4540583674027895,-0.4407921361888987,-0.04913941434905689,0.023980019015592963,0.10307822153084817,-2.941575474394802,1
-0.08468756358049123,4.296837320350182,0.5758999368255081,-1.5996561957713573,-4.0566652770739005,-0.07342795856653943,1.113397157899687,1.438169201145702,-0.1720413592654725,0.4513787641527569,0
1.7430682203219776,0.8482871510500642,-2.9275944012472523,1.9894351237937555,-1.4380615147605458,-0.6126851216778939,-4.16038717589112,-0.12839826591760886,0.3387581622803661,0.04275395626749323,0
-2.491183924725336,1.8294466982314934,1.7571790893793695,-0.2336296777807687,-1.7948158469736146,0.9873177570533987,-0.2873396364229588,-0.3532641354381582,1.9186063338762078,-1.3614650979738103,0
-3.04904764422139,0.9949965701997425,2.5600918868026894,1.2504623118396658,0.8657468243756605,1.0968635167691574,0.22095705856278647,-1.4289046065117268,-0.5619301138579263,-3.0021473219942867,0
1.6692961991815558,1.0714529277133928,0.04156284233194077,-0.5700930761053149,-1.5764490829240403,-1.5190194905100167,1.3150648206675477,-0.09731115070159116,2.004423303675171,0.4540557936198022,1
-0.32049839896701804,1.429501043540983,0.9218076150704773,0.37619703058394727,-2.05539037259927,-1.3936675663636642,1.2201999023400014,-0.024286495670025846,1.209230647223938,-0.26838912793433956,0
-2.521262549308007,-2.39766271215323,2.3883996374797665,-0.6820654533075423,-1.8944866733671792,-0.47248281349142296,-0.18760527625889734,1.193611755172588,-0.06744655855518213,-0.4859347838583714,1
-1.0120703119393055,-1.2982894858539875,2.0401376990850255,-0.8621755749350744,-0.8917069940743272,0.5481382125267148,-1.6327796353196935,-1.5377078085300024,0.7341063358072487,-2.076662567186359,0
-1.8181840818284476,-1.5897083868003428,1.5744118367178082,2.809890186552847,-2.3137702584843187,-3.8620211445001007,1.4910634571653185,0.2569974455858305,0.6552336285137607,-0.18790600553934844,1
0.3013005030414968,-0.8227583505362664,0.29699673796624737,0.0326505227206868,-1.6734908388977134,-0.3464756178233396,-2.6568395013967168,-0.6270486146977409,-0.49154441380690456,-1.2195679960198589,0
0.1161709165342637,2.5020566117142584,0.390988216119645,0.5375051893432039,-1.4170482602718169,-1.352492477490226,2.3058901624399235,0.4752586047173115,0.14159578673988282,0.23830369209570335,0
0.5441700950308439,0.7014636701976904,2.096530329963971,-2.6316019028844373,0.6962343353542921,1.779218767698233,0.44462798095098155,-1.419877164270929,1.542547211374117,-2.0472218588099658,1
-1.2489711975284157,-2.138954001187923,4.202010798087506,-3.0177602834305666,-2.049581414966886,0.3712895274436401,-0.35925068136581273,,-0.029351702115694548,-2.496669517226339,0
1.7589814450801846,-3.1898032968345795,1.0957580758984882,3.2434333629177377,-1.850140652723982,-6.655863631041654,2.3695717655299022,-1.0553241585924595,-1.7447603876053015,-0.20649163714034957,1
-0.10759932260711857,0.3171693591825556,1.9235798144252532,-0.9060630943306318,-0.01890423882792802,0.13448616065396196,0.9494187507994905,-0.04991023304116202,-1.5058324053306205,-1.575623717611587,1
-2.1808875595144546,-0.593028938956017,0.5067598708868108,0.5475821950687689,-1.819851819927604,-0.5064326093392093,-0.24900757319311895,-0.47996464271220896,1.4538402371218848,0.6251431551489699,1
0.2648461457246498,0.18009742250582783,0.5897968931283671,0.6532171371385749,-1.982202897839984,-1.9876498092011141,0.5481202081622354,-0.552692953783497,-0.8002227353999037,-0.1764972569776383,0
-1.2036818129442728,-0.24087322907395237,-0.2342139151791182,1.3757754942911982,-1.5781888057874407,-0.9741429661322687,-0.821335068062069,0.7882916566360036,1.056101251669989,0.35026884446350737,1
-1.1452462122741771,-2.0782015522041952,1.024756356383222,-0.41796595728390085,-2.000743890741647,-0.5814264257901292,-1.4270068568229541,0.8967973320332352,-0.19334094967962276,-0.18519605813457252,0
-2.6606873977614507,-0.06410515642463976,-0.451331029927143,1.4545868010933587,0.7900644847585823,1.0280029185196138,-0.48695066110420504,-0.6938044179018226,2.0512469432694633,0.5042458633031823,0
2.7381869560680974,-0.49731984965342,-0.9105680598967415,0.032861946258174846,-0.3278594767281493,-2.2597627600066676,1.3536953279652557,-0.5789842199399048,-2.044629003801268,1.1533716480111516,1
0.7628604796965031,0.17666922335028357,-1.4678695860042343,1.2719150100485281,-0.4924494315561331,0.07059339284148937,-3.198183215870087,-0.7664664310197877,0.6110709051105707,-0.6753821908220395,0
-0.7437914778267181,1.9852715950101352,0.8686454286356181,0.27716312342533134,-2.133914943106437,-0.7631274165950116,0.8260906017138366,-0.8605654038138869,2.1112963340995843,-0.3926690082823018,0
-0.7293526536574507,-1.3017328114197533,1.5049428170386412,-2.118207724276746,-1.5604190664158737,0.5279373441753765,-0.5704084413669045,1.3427218613511855,0.38082641834525377,-0.213113057265238,0
-1.3801402333336463,-1.0670807902826893,1.4301886382083555,-0.9324844680295894,-1.4348668308706527,0.12763360497473605,-0.42848625347443503,-0.23927314715185138,0.20713943677856853,-0.3521319327985444,1
-1.3448180634314457,-1.4243197863042174,3.976880269661125,-1.258399094304622,-2.281381231614872,-0.26772124199287534,-1.2736021476776573,0.6658778237063901,-0.19449148486477605,-3.5234171417246825,0
-1.608267026147785,-1.3533143288714475,2.76309803555464,-2.512450471111584,-2.2553683338279793,0.26460265569023883,0.36036124482001575,0.561472629826133,-1.0886934104763422,-0.5269332097888323,0
1.1077093018627333,2.979572470849379,0.5362142167924733,-0.06465095868079285,-3.450039698140744,-2.2853571130958024,1.9539945160717616,1.1665283362210033,0.6938234538591022,0.20799707505784704,0
-2.2767656242743026,-0.5974589350927805,1.7834321040743506,-0.05428903101932847,0.0945483102580078,0.884875666007507,-0.232661349491449,-0.4551717839537639,-0.06433764737916652,-1.3224943782172767,0
0.8048813460113773,2.181269310382688,1.3362291966624658,1.695785256809209,-2.5200900112290396,-3.1882123135708027,1.7800429966219622,0.09982631509976791,0.7534174734210928,-1.4718084225467907,0
1.098238153283667,-1.706046758842283,-0.612833907605525,0.8015999105908369,-0.9325538769950669,-3.3820735006085783,2.668249204763266,-0.8014839218310068,-0.5403763389870544,2.4685980915204357,1
0.4949331845246193,0.8286776523116484,1.9606757607298024,0.21801596371038512,-1.5786202267810934,-3.295340891039893,4.696450540694677,,0.638543317267599,0.24334914872407365,1
-1.397154143385298,0.33019070156420993,0.5648907778720362,2.0277433369221747,0.33031762703869094,-1.1327752439711942,1.4889483051832575,-0.4572185393191959,-0.27464374936629743,-0.2889561249567201,0
-0.6945025967221803,0.6127278570952626,2.401264354284637,-0.2863266977962149,-1.1655343965516054,-1.4406053730210246,2.857231451075804,-0.5100639500960824,-0.5499248324643456,-0.8020795312085574,1
-3.247814672987297,-2.247748599270378,3.323798693692959,-1.7020518980917154,-1.4061899706578618,0.5831459651446662,0.39249575025275707,0.184827033621654,-0.19906255375986986,-0.8755990923608225,0
-0.17871110893500886,-1.8962392440077562,1.157333726300793,3.999706726767273,2.302623903982869,-3.3034403539348594,2.296062518547036,-0.8098900990894081,0.38571084053145244,-1.6577175360317788,0
-1.0000005848629583,1.65895027978035,0.948477428215069,-0.5980692896810638,-1.973287527388599,0.029932326811435588,0.6359143433406397,-0.5046337422892345,-0.8022718339345204,-0.12572591370723984,0
-2.5192673636139196,-1.1645696541495547,1.6315029801134295,2.550466841359582,0.737947138382715,-0.8809910166171777,0.2572081340159924,-1.9227717720623363,1.639256516741752,-1.747512818246041,0
0.3934625032736967,0.7194486484696196,2.1030464964989433,-0.5592338465652305,-1.8335950078902372,-1.0249373171553413,0.35225781372495657,0.4449683153761758,1.3967601773984912,-2.00548572444077,1
4.548356950431504,4.920912268541704,0.08978925308992602,-0.18151978981039096,-3.962413434689101,-4.587963708516524,4.576179626362896,-0.45144539032493364,0.10311792571720485,0.562644878519275,1
-4.272715699787565,-2.5859518910821864,3.6339004662704317,-0.005013660564950451,-0.40757033197029957,0.4106811313336521,0.14023998562748208,-0.31039680375596906,-1.9545930044832756,-1.8682619259893205,0
-1.7799486542908682,2.609303935378989,2.056781201657365,-0.13436869095395565,-3.486655162373173,-0.173270837847543,-0.26464718758805805,-0.03992646337336377,0.6098800471904189,-1.733932908391873,0
-2.4562215592922456,0.9342956228741449,2.6691811080479417,1.1611571470173283,-0.9551497385712547,-0.14404882178875783,0.029798000306546335,-0.13698957769394238,-3.1385146662340397,-2.826279214325127,0
0.6190562852470158,-2.756820821796051,-0.43028762126705344,2.191995235715498,-1.6076264470179895,-3.7049131462089524,-0.19289013666072163,2.190417001188423,0.8049333907323256,0.8127552623832697,1
0.08880957866824213,2.178635773176333,1.0953115138155618,-0.06890224391940225,-2.6100781493600973,-1.540579866965436,1.676083711053598,-0.48915617518421617,-0.42369071691067595,-0.27641150744319365,0
3.3375297674233146,-0.006728930325305416,-1.8049151293449965,0.22342058942482024,-0.5361787533995894,-2.482022017369172,1.285006891863421,0.7775960617922721,-0.5289163791046552,1.8412925051313862,1
-2.7483733402660966,0.39638768691832404,2.8012909063591307,1.7336710076205475,0.432562240030097,0.05660270934986846,0.2974583809284167,0.7890752013999099,0.9531762543293538,-3.213029093817853,0
1.0567250328558668,1.6732311577546364,2.3831968289678653,-2.921755182881266,-0.23733689803297342,1.3593983219612902,0.8107478123247263,-0.6920651986646917,-0.2981525261999003,-2.2953135271327634,1
-0.6681692891819961,-0.3101740564855673,1.025765218680726,2.2057543288577253,0.11825921114550653,-1.9086443455315472,1.1347967526595424,1.030919338366907,-0.3128364730515222,-1.129344732980565,0
-0.9860485563261749,-0.8535599071670965,2.0118799895650996,1.650912403909908,-1.12341381905305,-2.669687000024353,1.7446463726051866,0.4539052294413472,-1.7555055887046276,-1.099707909506216,1
0.37972548718809285,-0.17661056404497788,1.315385439159161,-0.9877725490809993,-1.3005751752022066,0.32102143954750567,-1.8739431338946098,-0.12389236323520093,-1.087748675353668,-2.0237892039945153,0
0.7270418035639037,-1.748743366933677,0.017090691570231537,3.2962029644915063,1.6476379926988036,-3.582811734362043,2.6533087797956414,-0.030263057596985755,1.4678504449973098,0.0600779942696128,0
-0.16371767634068224,-0.3214191307844728,-0.8482404015300006,-1.2470947845053924,0.04166968415852823,1.1664940747036858,-0.4090840076590917,,0.04729874312872792,1.4405361271186812,0
1.6611218607844311,2.1196746127202455,-0.7530709916478742,-1.23682760605739,-0.20669330663933816,0.8337239772319104,-0.029082261846070878,,2.505448905356894,0.12751868120643162,1
0.8847163830645111,0.7760116047529237,-0.6288031809404528,0.6401807352238005,-0.8017379222174483,-1.2044138147402321,0.5049276607893489,0.33237683351960967,-1.9899462698211248,0.5129275645936477,1
3.024010682205495,0.09540483445291126,-1.6503679734526746,-0.6915969813273324,-0.07400051049774814,-1.501690576009765,1.5495234025179545,2.9928105700606413,-1.7681310327067183,2.0749683847413047,1
0.4355564539968291,0.8790086983677112,-0.2901885413386211,0.5313636370604957,-2.7723556772204563,-1.1562405708918149,-1.53574690430868,-0.2871095048623429,-0.07022362057462567,-0.27665633082513896,0
-2.738148734307904,-3.5595913171233033,4.440692839841238,-1.81307698022613,-1.9880508079170762,0.048014193059966764,-1.0772979787678603,-0.10200628012726169,-0.541473006507169,-2.6504389710611482,0
-0.9841252618505671,-1.5162713894738893,3.25986365382377,-2.208127234498259,-0.3607951550872397,1.1106379604506427,-0.625178505568883,1.278434957965715,1.4955717364824264,-2.6283780165000636,0
-1.805914727457195,0.011782389811190841,0.3353489011958695,2.4064917028810857,1.4676570707570264,-0.6706058849323876,1.5842747604850773,-0.5491589417637764,-1.9354299597138063,-0.19888392885774397,0
-0.6618727903320831,-0.37056607064075786,2.405726393638181,3.271470571949493,0.15948517167622378,-2.840089114386181,1.0882936204131082,-0.20435572664564833,0.8913439016052467,-3.2727287836466004,0
-1.0030422230716503,-0.725626615398375,0.31348088371096516,-1.0520475809463041,-0.3756143592107626,1.0549183490710112,-0.7602129613310518,-1.1646633485123947,1.1835491025816047,0.2969528244964881,0
-1.2013371149571421,0.3190113447552372,1.1692861248003195,1.3338703040982791,-0.035176391253112116,-0.841411932714999,1.0357833253574007,1.1277880271116458,-0.057836612377593744,-0.9999792794817596,0
1.882007606210158,-4.201269472488647,-0.3970431975356426,3.4442423577835553,-1.7168023343876635,-6.860575451316107,2.1309421563647795,-0.24341030256790794,-0.16007448660830478,1.690913389386731,1
0.8198157785679847,0.8331082847619063,1.0489553310050361,-1.3403776457241252,0.13630252516212682,0.20554804817859446,1.3424261762089973,-1.1652019999652885,-0.8141532565976035,-0.6624223228785376,1
1.6022135929394148,1.179497523569343,-2.9120024450572397,1.4485539909285166,-1.1487585700490615,-0.29391158758684277,-3.167586296330453,-0.5877379693198984,1.5920248985760834,0.6487657239747715,0
-1.7569488228356982,2.568010231331386,3.232799298241837,0.6407762094511364,-3.126212576609814,-0.6826202652217706,-0.3231712665691151,1.3655264625262657,0.3813528345802849,-3.6378286023283857,0
-1.9526291586196551,-1.4102564862183782,3.43493931781984,-2.502357282674227,-1.4108005320951529,0.6810607817493023,0.6456344388825039,-0.2885329006817962,-1.327798673479431,-1.3317018778179381,1
1.94228086934839,-1.861098962219621,-4.447367252997554,-0.12723214673680294,-1.0404865237881886,-1.1181282148234142,-1.1034932354098181,-1.330226255641338,2.583573660166567,5.1904920799628735,1
2.5270168582604606,-1.4442260030133902,-2.6153094776015484,0.41209831003325725,-0.4289518414143688,-2.4039312167502858,0.8894905341851915,0.23987275228472507,-0.5066348337879193,3.299011740191374,1
-6.2217716421976474,1.911676268991783,3.3104333977608547,0.6930696115984005,-1.5666285638698514,3.0607075440762523,-2.3191939548353435,-1.1709248938074537,-0.3265358525345711,-3.525504732716637,0
0.9949177245858856,2.373569802717798,1.6965311732574726,0.42897207132781356,-1.5957039426005544,-2.5407600283367464,3.4286264785601523,-1.0658027113487583,0.2588875157127058,-0.9318064349956496,1
-2.455972249817739,-1.8397513179976528,1.8281203742377277,-1.6519738070751404,-0.2530399349153464,1.1908892829384594,0.33476719764744156,0.3044922016801448,0.53034290167058,0.13466246153469008,1
-0.40548973551498557,1.2226728224418846,3.0417036741876595,-1.0896297824660208,0.04434883466607209,0.31986804422966714,1.7003719105946837,1.3558053394315013,-0.3894035615253766,-2.6776681756722107,1
-1.3790493042021774,-1.1828741623847612,0.5218660341656776,3.119606321100461,2.0811324801661115,-1.601704224690809,1.7640110189793394,0.9778722722111376,-1.4155240669137066,-0.5579027938423327,0
1.097405619773936,0.7310331608572906,2.3644248408517416,-4.704233878343481,1.3576358727940674,3.7854451613593816,-0.6235257615287264,-1.3467856621154346,0.2075422948887419,-2.6632687288357495,1
0.5564466332322904,0.9268475861384065,-1.7811286720150705,1.495767537095099,-0.6069003022792856,-0.10544284623157098,-2.30493860976844,,-0.4238335382064832,0.017329185473815123,0
-1.8000363007867133,-0.5256541986738035,2.7081082974197743,0.5724185747569723,0.9600941898975761,-0.06290456155239446,1.2849876671144815,0.4060940188486671,0.9230448272267618,-2.315879186228601,1
0.904310679082893,-0.20030430038694402,-0.8222504158783098,2.5514543317199974,2.1655388524617605,-2.4872567211272596,3.4548459682371155,1.7303218148571686,-0.09534109119668262,1.103700130164683,0
-0.5362742335165936,-1.3433268422631484,0.893786580436477,-1.1584183819618663,-0.7811439691674515,0.526499070185216,-1.1835941519085171,0.5274808330277304,1.2304600477599754,-0.4733060277299519,0
2.880239774853689,1.0947008677741623,-0.04771262842004876,-0.6860595832424727,-0.016652180170223962,-1.181500936905537,1.4123416261799793,-0.8904357529426616,-0.05678859588627712,-0.3043318219400155,1
1.4265446125372838,1.2503245608019702,0.9569441795874363,0.7481340792047658,-1.6572485372802483,-2.9374723833831533,2.474309392233885,0.7882041407971867,0.09116814666643917,-0.4498684678708552,0
-2.5904467072577875,-0.29365386931942017,2.0335777888400757,3.245052611975838,0.5507640122561455,-1.0551098095918168,-0.011041633669544915,1.5019529651885957,-0.4149162781203273,-2.8635975327582335,0
-3.4817976649226465,3.1671151654223304,1.0769439804059038,0.6888790984528166,-1.2105955898247807,1.9585630542588188,-0.711563808156725,0.48279012406031796,-0.06338985203481078,-1.3599508880012174,0
-2.5117156355945163,-1.3623406235394955,2.140827360077234,0.07031257337499297,-1.345708998351603,-0.1261559656564301,-0.5211202485287778,-1.0958708107987174,-0.8358702556183059,-1.1733364522075407,0
3.000668382027242,2.334798408947959,0.760904154433054,-0.7450399173584066,-3.085160931860889,-2.589716161867535,1.3814194231621877,-0.8927733072761507,-1.2243872733579544,-0.7678123481246654,1
0.6782078967406755,0.19889319768165759,0.9139228194692582,-0.4826958241162571,-1.5182567296978449,-0.93372438370533,0.018292086709477906,1.27427225873437,-0.5918760663430924,-0.7787140874366012,1
-2.5771796783918637,-1.215091129132309,,3.5078236332168795,1.6498567793373682,-1.1131473764128716,0.6339705435334695,0.5422030069090485,-0.21208966992042563,-1.4411380803833165,0
-3.2527187563662814,-1.9780015681104484,1.364080122544616,-0.34965481885426664,0.9523303297803904,1.6469422998966612,-0.2949870073847528,-1.9259778184451013,-0.24691832748945464,-0.1814434139808212,0
-0.3827982420166869,0.4276232215512028,2.1360005649622438,1.398246832761076,-2.4510776400327874,-2.7869585809683626,1.0396319143884705,0.6769940973750542,1.1234272870957618,-1.7872091373806236,1
1.4184993631037834,2.1226789276689937,0.8773059102849976,1.3059443147577898,-2.408303999715311,-3.746167486844904,3.2335034476821685,0.8918776345702746,0.18217062771210168,-0.15863892385008338,1
-0.6355421213707233,-1.8387660132223762,3.5720926434866085,-2.9194976624973705,-2.2407036847111765,0.20567621210457437,-0.6534125342253909,-0.33304762097552243,0.46330151023423083,-2.1835465282056683,0
-0.37841251468269244,-3.733009247918357,3.4017810737168803,5.071046070489902,-2.5866385069685487,-7.386835737212203,1.387056982740817,1.401500346552158,0.6037132405441962,-3.1156988470643663,1
-1.7181821672104975,4.471323722239282,2.8621801770802344,-1.2435274682064832,-4.916063891343558,0.27763033075583965,-0.07276552377654077,-1.0126444414430895,-1.1941866514118442,-2.3906170209730053,0
-1.9554818745764848,-0.006099092486900992,0.3046517080149169,0.03037030168811572,-1.8948913876510938,-0.11069457618776336,-0.09844946183833847,,-0.6300484313483411,0.9030642506264971,1
-0.07258856876362563,0.24503308824753334,1.8963259208052625,-1.450696373522367,-0.32372283538850144,0.6447286363909362,0.16255204659963862,0.23773172790598612,-0.32461967439794126,-1.6852463422137889,1
-1.7789024540820757,0.7717914301588251,0.6678702344938476,1.0608703887314264,0.5079927891418519,0.12918995448144144,1.2038051311229638,2.254038108921119,-0.08378309988906465,-0.2840081427624228,0
-0.13282837274227455,-0.21357464263771064,-0.8790437062301121,-0.6307109878561761,-0.7078284939525936,-0.4516396003990089,1.3970140649174663,1.8325612403560125,0.2811920179102754,2.4929039879541,1
0.12079744391396474,0.6266165675572251,-0.37978206872943393,-1.1610887727652908,-1.1978462989417753,0.4329429274266952,-0.15201876556269311,-0.9134585796322228,0.8174671266983724,0.955221400814507,0
-1.413923467273667,-3.3322790221270777,1.936732856176296,3.700912998606643,-2.3523458396411465,-5.3445406732583205,1.2753051580162493,,-0.43507724157631605,-0.6603346455673724,1
0.4964713655131552,0.7942822921385503,2.7443878818574046,-1.2547509349966224,-0.37162491399774966,0.014271298923561465,0.7747723945183832,2.171802667396602,0.9537602558113537,-2.8426716872453826,1
0.22829242681251571,1.7878442574209579,2.282505310287974,0.0601587287472074,0.10137488535366246,-1.226158938532692,3.4537653083856372,-0.5098939528656328,0.3624498815945265,-1.5833022992945107,1
3.635781327500247,2.3834038328543237,-0.5150205519509771,-1.2094491054279872,-1.8298804535826316,-1.9953272578388357,2.13856813990978,-0.3386690538837576,-1.0820177850419361,0.7753713418372108,1
-1.227144181994531,1.035819834242861,0.5705754649546911,2.058388285940853,0.891428203372169,-0.5584364569965127,1.271922428868389,0.9080226625361912,1.6389605275998331,-0.9125541672430149,0
-1.0059709112545825,-1.739297225326268,0.8673756279079968,-0.9924827952418585,-0.40774667173024615,1.0219920892488956,-1.8926884621480542,-0.9073265593722656,-0.03494150045863278,-0.7271281599270885,1
-0.44354308800958664,-1.0102753763204915,0.5922640430279624,-0.37733446026384676,-0.8914236835640333,0.19080668810060716,-1.5608131903337967,-0.16681474069839325,0.21871826614148773,-0.7141653036653031,0
-0.4758955240805145,-1.6023285280525938,1.8635134643846445,1.1617691828927459,-2.2032657199506156,-3.978937980426771,2.9326200771509034,-1.3528658889640388,-0.9702713259082388,0.36277999963493146,1
-3.5521260096873055,-3.36927505539792,3.069828574898188,-1.3621794851789135,1.5581856520124955,3.367568825697457,-3.2257771950968124,-2.0534865486558886,-0.6275400027440727,-3.260096612498305,1
1.7018190434860592,1.3644616782105508,-1.774124403431655,-0.9041703933627164,-1.3845580203561827,0.2176006586236867,-1.104519480154928,-0.7101366068373821,0.6792938199823493,1.274237024846101,0
-0.40223021374906587,2.1217223988767153,1.9834350713955593,0.24383540704267426,-3.0224896656859066,-1.4408616093416877,0.6275817099436305,1.021624764399948,-1.0633544998303186,-1.772810408533348,0
2.2040004985605783,-1.322006678809802,0.3647957173238532,2.4950602830416546,-1.0018290333558648,-3.8715327812009503,-0.37090374868684606,-2.9431415654717332,0.8066764021643629,-1.6624394347174425,1
1.69719306196536,0.7851486528376529,0.865600294459785,-1.613025790659195,-0.12571218202656487,-0.04770493005353099,1.0059943312530841,0.22992434541793752,-0.6257730437317763,-0.7550831845007806,1
-0.9236271945648602,-2.6155353662910956,2.335177959350899,3.0246730961246566,-1.798812093268386,-5.23010483416877,2.7854150478405355,-0.9282658386559959,-1.364470853617281,-0.6329620890991987,1
1.6217873019190514,1.132716027277774,0.2433193479156065,0.16015929354410163,-2.0213029434869174,-2.428791372067804,1.6733507429749308,0.47993974114827864,0.32478159411011454,0.28041921386684643,1
0.38705996129589426,2.011315998622404,1.7455816388456629,-0.4315211323493222,-3.3341305995345776,-1.8072383552077418,1.2190816686820716,-0.3198262778887562,-1.3404886413664368,-1.0403204917811166,0
-1.0221822247691268,0.47518884354263946,0.7932599212130972,1.4430992829736484,0.17767508768593743,-1.1186029512895888,1.8273811768344723,0.5740419308840301,-0.6301428301423468,-0.3000519464441872,0
-2.1689272745796497,4.878570490230198,3.3704503028787043,-1.8894381531664548,-4.991624075613031,0.9368494870405382,0.09492614407910704,0.4000000056135664,-0.22694246613792435,-2.629503374547881,0
-0.6884497696770306,1.3339170125372914,1.1338857849730284,0.45463818173636017,-1.9696362372869731,-1.2327192478479163,1.1161288815034494,0.6024734362823633,0.8157544866520694,-0.48110881326808386,1
1.550610444969664,1.0280525743938658,0.2429366911196948,1.253964156225197,-0.5394250752853607,-2.983084592198561,3.119205688757557,0.995693754370362,-1.5030468593574806,0.29148512233310964,0
2.6672768064876555,1.1764206857982265,-3.1883328040939656,-2.5187416029628693,0.20545101739949656,1.854883638172606,-0.9786890653880163,0.7704635956872266,0.42876125888076383,2.897172637269457,1
2.6705433606593307,1.6562591946079026,-1.0662450437948543,0.8468929291957006,-2.605849968812465,-3.7983200636080414,2.5744195542617963,-0.6799058967468314,-1.2270140772885358,1.8075580822022794,1
-0.2747021843245224,0.10501429330670009,1.2700635924871162,1.6210801332323974,-1.4593843660622878,-2.477450731967417,1.1391530167419548,-0.38448912104151794,1.1037200137225964,-0.9866304905205029,0
2.451145013324648,1.6521003441717204,-0.5624182061863662,-0.07840894758478911,-2.2953015779079022,-3.1316651973628136,3.0642139963038653,-0.39156997735603927,-0.8076505577467649,1.7881455858026412,0
-1.3820793480612699,2.039436937007502,1.3408878375063318,-0.17817850314651795,-3.037542858119437,-0.6813305052650307,0.8387509878124983,0.6675480803699957,1.2991498205476675,-0.2908297831476817,0
-0.8272316147782863,0.06596036178423992,2.103339789352882,-2.0481860245782757,2.9911623657998314,2.6215038521350427,1.6492061315558915,0.21498281745454795,0.3149718715553322,-1.5964145719774008,1
0.27380260547746627,-2.283154459075358,-0.053271521004044496,2.5110333106408964,-1.8063092192021444,-4.121964956762905,0.689944901306617,0.1540318416835874,-2.072355181695998,0.772210260335249,1
1.3962468510284376,-0.8330017848828293,-0.5947249063279543,2.461076801410094,-0.16646574541953119,-1.8741072880841845,-2.1380157038751832,1.2841046951788975,0.5838830222840011,-1.6044528859926124,1
2.610521145479662,-1.802461575890744,-0.623511891763571,1.7949816763110702,0.8608978951636739,-4.250836549711591,3.555190947575433,-1.615846470966832,-1.2855991140527723,1.5077417081790419,0
2.105193763735654,2.608771234523714,1.580997144257921,0.835326786551617,-4.109613928037234,-4.211578108847694,2.2123996001258215,1.1951774115114164,-0.16206210203682392,-1.3197821883184462,1
-2.252423980495779,-1.233949995327194,2.1831652533483434,2.671498772370178,-1.8174452498690616,-2.9517857348601386,0.9031950309147673,-1.0237559477078506,0.15165727214501756,-1.3538460741324565,1
0.2773694688280539,-1.482394921923925,-0.26360714056189366,3.900977128188048,2.9349236801167344,-3.095964001114759,3.0985357987130002,1.2744402278489033,-1.236478286592349,0.10624423262180072,0
0.6558946088077595,2.1216079432037915,0.13083537904154632,-1.7534334284023667,-0.3645617959489986,0.161974823406958,3.0831154022638843,0.41478446207924113,1.1067745186243287,1.4457400119396453,1
-1.8810269676756275,-1.509010252212718,,-0.957646117794228,-0.7521331364642562,0.6747507300325001,-0.6713247739791401,1.7522919091220317,-1.4213499453185472,-0.8761221456154613,0
-0.20886543141567948,-0.1913659504757248,2.3120028600009648,-2.9094252410024426,1.1845286236212837,2.65602220384119,-0.4427416321640878,-0.9972649579684154,-0.28478940951539505,-2.3086617087988435,1
0.1091396398372444,-0.2527877971177106,,-0.17185098383797748,-0.8761885161416176,0.3979109067488731,-2.4197838642565044,1.5844943751570586,0.6937061125361853,-2.030066284515372,0
-1.5715449626433777,-1.3827519306976541,2.42001697814375,-1.8671586655859083,-2.973240353375963,-0.386909052938102,-0.10907054424973917,1.202249003361171,-0.6172857068788872,-0.3804610221415631,0
-3.5644910628303714,-1.7855793645926545,4.220550059179422,-1.7778652856298494,-0.4785065185195384,1.0890544762347774,1.0755391358595778,-1.6755804496240945,1.3297943652050759,-1.9079913268029975,0
0.20392808923629224,1.5019901268848421,2.21255088452383,-0.3181070066055435,-0.5013856067589403,-0.9053847450136315,2.3307598132743195,-0.6478722896465213,1.0270604268730175,-1.7063343791900747,1
-1.3758109134432785,0.06903222576901469,0.9163923550210984,1.164479569028713,-0.08790841916332726,-0.7491547027597306,1.0988742899524404,0.7831598877770107,0.7728478385437232,-0.4192270054990531,0
-2.30372678732481,-2.3785002307613095,3.785229427655921,-2.118686552043356,-0.5794304379971688,0.9695516460541382,-0.09892734010399684,-0.4526901485095334,-0.11184710408631295,-2.1621814808768107,0
1.8248513257337025,1.1720155301045552,0.8306930586849376,-2.214656186444375,-0.018306789605137985,0.5746490601891037,0.8992572247498191,-0.104009227724695,0.8268386307091143,-0.7603905581249316,1
-0.6287763146931282,-0.5050182271038353,0.5655037181428582,0.965893003718169,-1.2008415035787543,-1.5751501961041219,0.5801219581692245,-0.435901469090433,-1.323649570842179,0.06378516585181782,1
-4.060419718741075,2.525158280752761,1.277367344004466,0.4278710814198601,-0.5983825696651295,2.3711461493721537,-0.3659576976593,0.8444558720716657,2.721912147906493,-1.0831412433646217,1
0.4251905118317765,2.0619403348020975,,-1.4042789048681366,0.31940293740388226,0.15356303893128828,2.7688269577348725,-1.406719432559558,-0.0682025303326691,-2.4519119459090017,1
0.6839867896319201,1.5034797692410398,1.901836496445414,-1.1234286973401075,0.29390065505809626,-0.06381973452335128,2.298019259159658,-0.24989373581204613,0.10776005545254295,-1.47705553365913,1
-1.5118592680419454,-0.15821338032740617,2.721901181287894,-0.2614643190665292,-0.495134005547368,0.12597110551011154,0.263002923769019,-0.22652747238283805,0.5558260275751273,-2.3716180495850465,1
-1.5184186470533807,1.2006785049466977,1.2965023867295855,1.3451297342991557,-0.8161364285441627,-0.7479517067510133,0.8735024694427711,-0.3451040968191901,-1.3077765651476607,-1.1754282348612748,0
-0.5966054429692154,1.3354683281570665,-0.4578914661583669,-0.7949987197836743,-0.20909725354042386,0.48771123767288915,1.9348519525563816,-0.6248346184344824,-0.8857137997996899,1.8393451513943666,1
0.4305080844706677,0.24256231055257593,0.8151505651290913,-0.832404354885424,-1.633633335431279,-0.4808776326265105,-0.24433236562800253,0.33658304545903495,-1.0756504835748875,-0.5614305989696271,1
-0.20441719753864074,0.09636182016523498,,0.7796808330253007,0.41232117355487663,0.7851227015504446,-1.7870237441153132,-1.4222345015068736,-2.191978656279881,0.3187340870259445,0
-1.855142964743988,3.112705879745937,2.678830505499829,-0.2129044796671451,-3.625817666628956,0.1852948852618031,-0.8181927399257967,-0.17961972140563326,-2.7738149399339167,-2.895683089935637,0
1.1156142782070146,0.8951057492624614,-1.6911489262046833,-0.20310826514084168,0.3486054837128696,1.2341543827871513,-2.0562547375658333,,0.20479787728191723,0.1700457492025076,0
0.282680147688244,1.527463640614145,2.2412341960891036,-2.106784983803931,0.5498174092952541,1.1449969249736065,1.846792759722597,1.5761725277413785,0.4123559690859481,-1.7378311397533421,1
-1.6482612777499508,-1.3801992487040333,3.2287036110150154,0.1823244788818088,-1.6848074435107878,-0.49802715115642954,-1.684179114607891,-1.5297740801093362,0.9389571782348514,-3.4562331949700003,0
-1.2312261798239321,-0.34960963782860255,-0.19385755165204768,-0.09362854293524503,-1.6458198992331412,-0.07745602709401801,-0.6420481957235906,0.41687306259004037,-0.5159809893490795,1.0179033442664944,0
-0.7897932022980886,-1.717164679406662,3.054134485160457,-2.866655438496396,-1.2854404117882292,0.9247506461669244,-0.6802238104906233,0.9435977762729458,-0.48667632288159673,-1.8643293860948442,0
-3.715526210576175,-0.0658191293631667,1.4088965816591459,1.9553761623678834,0.3436012699050268,0.8681028526728418,-0.8825867623647699,0.26429021015325105,0.8552015077482625,-1.6942897145950795,0
1.7179064444716639,1.548431938419252,0.38907492031715246,1.371133366451462,-2.417309159410398,-3.8136500873719585,2.5651642417612197,1.0185374276503947,-0.7982060763581541,0.12038365188725675,1
-0.5814240315897602,0.2220918692089986,0.00872785539323133,1.3563321403791417,0.16296691499993,-1.0121498892974117,1.209134812649452,2.159121154603292,-0.041248128979203026,0.27748773540700933,0
0.17122262952589162,-1.2083963604995704,2.010146892155229,-1.21254625135271,-3.28390383598229,-0.9966502165826144,-1.9724718982013418,-0.32351494678445714,1.0621674475886602,-1.8015639924509412,0
-1.3479012119672045,1.4876968659539604,2.6099878336638174,0.04343507296139848,-2.818978677881642,-1.1033233884278737,0.8091402934102003,0.1255485866511483,0.054051662846000936,-1.8780837614652546,0
-4.067802622637478,1.4804964842146617,2.7021494365256404,0.0960304668718206,-2.244565983027793,1.4588560725433708,-1.2630668105382235,-0.36249900288206854,0.03433338856883548,-2.377027662673789,0
-2.5866209616952194,0.9516357910214911,2.6288693560866143,0.6609068347865878,-1.9017791811889158,-0.08852628408094526,-0.35083059651268167,,0.6419471294437011,-2.459471291209745,0
-1.287286134337943,4.5496239849326905,1.1567630239160684,-2.8961256314897423,-5.240523384716534,1.1465714121482278,0.31135202501526116,-0.36723700079928584,-0.3230423687730068,0.49529404031910595,0
0.3803029282499195,2.792428919586774,1.1904750768453165,-0.00974829121192844,-2.5836719838804854,-1.5678401802051478,1.8415435036865184,-0.16013013959793715,1.4930031044432035,-0.6421982001038832,0
2.0609284244505686,-1.067918323857135,-1.8045284476288028,2.1082310006305334,-0.14491791182675928,-2.8543895860409814,0.13828580965658777,,-0.3231676657024847,1.1785470989070335,1
-3.3839530982352906,0.6305115983733702,1.5360575775979772,1.1125683769516317,-0.5188432637017086,0.7033098469190863,-0.07804907588165899,-0.7424867777695996,-0.8385006163839522,-1.1479316869971503,0
1.395225120952441,-3.5926078511319663,-3.112455985171952,1.1120189747057876,-1.4203694175096009,-2.641402511276097,-1.4266315511259333,0.19495509241218734,0.15763455844094396,3.775298581861413,1
-2.6966451313513145,-3.0241763942017608,5.026132814773843,-3.6449020106153887,-1.1756194956446149,1.2215223631906027,0.5413088382964912,1.2146667801329025,0.410383276786892,-2.2204375210945315,0
-1.4110660216115034,-1.201307827066228,-0.8457572216192837,0.41320638484859096,1.0526102376441084,1.3107765668294011,-1.4339849050249158,,-2.1146935990737354,0.6567612115288837,0
-3.3539898069103633,-1.6073957755594808,3.2652917618889017,-1.5363113784923388,0.6519676185048993,1.8552474477073444,0.6183249394033428,-0.3884799067714809,-0.09514812307732015,-1.574265753456326,0
-2.319666749183367,0.819839241740097,-0.6914656791215588,-0.027276001402811945,0.5508084334312087,1.360658160355017,1.3202518837210677,0.24347507713677022,1.542736367279776,2.05977522505467,0
-0.7044067574900565,1.1934527186092543,0.8429222015935127,1.8882092917805626,-0.8440756654213181,-1.5220710146047163,0.9082161053689979,0.39397522586440237,-1.3129685299472729,-1.0842285546451007,0
-2.979839070351429,0.06507942792499255,2.1234871691557267,1.2924406661032264,0.7965997261901456,0.8909685757257428,-0.22501772911705342,-0.7742038183529005,-0.2643558332034669,-2.4267618933147954,0
-0.23413103589738937,0.0431604875955055,1.582796185251184,-0.8921762177268971,-0.13800528078316232,0.25078338771040154,0.5159424401107251,-1.3845180194249966,-0.397548696545778,-1.2292755325102487,1
1.2305753257906753,2.4804557684723596,1.1436994638773075,-0.13525252066954652,-3.3605252709521314,-2.5636895855668045,2.0547443722396297,,-0.2145376645179636,-0.3769802359199871,1
-0.01783512655492503,-2.705786642210092,1.9098981787007367,3.8416796836542764,-1.415092276314371,-5.311965713870854,1.1193024020209403,-0.5330040818263343,-1.7794389254234309,-1.8051669837472746,1
-1.1180604500534348,-0.6098061687475381,2.5050723849048513,-2.0576795043516283,-1.5390002556119788,0.7687171029949449,-0.4492420182867103,1.2692556718986205,-0.6560972360056414,-1.5050065918040012,0
-0.3361138001149109,-1.8351253800349028,-0.6817169394947025,1.1137831352509049,-1.7906998058660744,-2.547762439443401,0.6859656662948916,-0.0376871207422379,0.6763570476749083,2.150290342952882,1
0.6973747055491735,0.2780935351318783,-1.7497994080781178,-0.2735534900144233,-0.8407985484152856,0.4855811111477374,-1.8162822452563474,-1.8429369062476757,1.0525473107347487,1.1561404855686317,0
2.3485917466233186,-1.5861324327183182,-2.1704545511337683,0.6959727644734026,-1.3606125271149625,-2.660387387446495,-0.28064204725771424,-0.4466430468146064,-0.3984452749893668,2.37649123803199,1
-0.9199572620126754,-1.090343077548758,2.86171872103558,-1.467034374761283,-3.8334053915356514,-1.0926018080967836,-0.9351430539389249,-0.3774234011303297,-0.1383352820163779,-1.6211109941835398,0
0.0854085103245743,0.13650967873158681,0.7243792838953604,-0.48689205423558,-1.485418316273745,-0.62488272850193,0.06196133150690086,0.7460239529828163,0.6712701367053535,-0.2825725793809827,1
1.7590174652628146,1.731245161959144,0.48123565460257567,-0.2693045894716988,-2.1868969518603296,-2.1129231137897455,1.7176608176131163,1.1905296437176767,1.847866995702103,-0.02704350374588682,1
1.4234379194337887,1.3174603461253642,1.1265545905460574,-1.207172490844048,-0.5823313260485605,-0.5249275847103245,1.5456717901659518,-0.7322995497370884,0.7777976308777149,-0.8439543279697561,1
1.1216994064902144,0.09325572545282412,1.4503903051072058,-1.870544432604996,-2.5539833543671246,-0.15672742468901552,-1.6638158755444428,-0.6160712153363237,0.5092953236420079,-1.7027458632023098,0
0.9173947928779473,1.219405503411623,1.6151600684963174,-1.7801166040593117,0.12704650476637713,0.46741118252689456,1.4918869642418224,0.3310389028172135,-0.589915396249933,-1.2812985366795961,1
0.17835192246906595,1.924851975227031,0.9906847213344283,-2.569681691682987,-0.7716026947568654,0.15810390216254605,4.015167151621631,0.781497239460632,2.45987198502938,1.590947932704865,0
2.6538658958565997,2.5820670749632106,0.42235041700500564,-1.4743190495965206,-4.406218939096691,-3.0535234818574333,2.639926353674449,-0.9807880084135592,0.011862679180784205,1.1334825099532178,0
1.9134298437361885,0.4988252190507362,-0.22243018811057877,-1.1074381379907312,-1.9992205329045873,-1.064975016173647,-0.124202182232791,-0.33186486182197916,0.609238830889753,0.3848423625185098,1
-2.2461199804163483,-2.952435944825229,5.590310737509264,-4.967301280527003,-2.6228796628984212,0.5613725416067579,1.675728797542782,-0.49987103450503223,0.10722928841915275,-1.4990791379102597,0
0.2670688945137969,-1.311912448258013,1.3338122049857908,-1.4517750408761154,-2.5801346445774405,-0.6024285086736201,-1.5432247348562407,-0.3755089806394995,0.6190831693880101,-0.8493814437334585,0
-0.6771773163110619,1.6714335367508926,2.1833592377608912,0.574541056154277,-2.235531319994786,-1.4547197319592693,1.0270528862011785,0.599450686321704,-0.6312411362407006,-1.918127768203485,0
-2.5282812067697282,-1.9345534083100375,1.916366067356987,0.24271388642392666,0.18882567275538653,0.760732523809382,-1.232363612384529,0.6569290663420881,-0.788047623233008,-1.6727482760526278,0
-0.6943085475568943,-1.2062449200112302,1.8412263905915536,-2.885776960162575,-2.6662198917983435,0.12169191041962961,0.10113668372523787,0.2690526930157071,1.2065357234543024,0.35578440538509093,0
-2.7563114556468067,3.3272782553328595,-0.07329297247526119,-0.44322179389849703,-0.904846412521521,2.2117427197169377,0.6254862761925395,-0.23875260206343432,-1.3200771877373016,0.8482332496807734,0
-0.8296238069842968,0.25842625825830745,1.4825579981631036,-1.4464423787108447,-0.8431807562561016,0.9617411162200749,-0.22850018475762002,-1.2983259396689026,0.3417539207135393,-0.947640716856968,0
2.72736954219816,-0.23296663670101214,,-1.5956060102306335,-2.6412508888998074,-0.909384876179716,-1.8223272537821815,0.13931963072955983,-0.029172699226560628,0.9885306536181582,1
1.10647006903063,0.728888930701328,0.7393834407069394,-2.0124360957843646,-0.5107473398605222,0.6491085889509384,0.22831130445389092,1.4137696482912587,1.4239538455411669,-0.5339894708548376,1
1.2250208845339734,1.940726543102791,1.2900226820769796,0.2541534140646631,-0.1884363777087199,-1.290271849982563,2.166085092441182,0.47962531955157295,0.23782954075833587,-1.4912968232879211,1
-1.0160935313407748,0.7115602642814859,2.8902877999024503,1.66640790336909,-2.0756053354005912,-2.25782744356331,0.6300876719277098,0.5198710181019115,2.710331644334893,-3.0450477951965627,0
-0.2228073081738331,-1.9857564397309564,1.225508845829636,2.5900309099381684,-1.3212089193194556,-3.801528930176179,0.9042304598563585,0.0105457117410256,-0.23227350279947281,-0.8008351383807033,1
0.7110133163394265,-1.5666755895120945,-0.30371251620846834,0.8186691823765474,-1.51383940463629,-2.854758580491941,1.1264504956040595,,2.1934495502883857,1.4710200393572352,1
-0.8876748891223689,-1.940600293808157,3.0579491403384336,-1.5267501920081281,-2.0451321475011675,-0.22841614358491746,-1.310670875525181,0.9559358223307622,-0.7346710936768595,-2.3745696802798597,0
-1.3859904763817994,-1.6712525932703124,1.9406184327306106,0.036747830828840256,0.6377644028709877,0.35393125583425533,-0.48254845699086,-1.249564911924005,0.5368074692249037,-1.8537946855126108,1
-0.7997810688426149,-0.9578082105231437,-0.43471783027752486,0.2959618372856363,-0.8355871715445322,0.2761507953783391,-1.9975510288801166,0.7095994793835665,-0.4012092065446777,0.16436098871310656,0
4.760078087734449,3.3213536152418546,-0.7158619166729889,-1.6362398438679562,-2.9043199786456535,-2.583984394641973,2.3345029177555885,-0.30971081180657256,1.4106923204208948,0.9161415558024484,1
0.6843133978171936,2.3083398984654657,2.0748535577814726,-0.7092584859978823,-3.686212044259136,-2.0469158858524006,1.5681483385030084,-0.7756066046023912,0.20545568703630285,-1.2415824973936376,0
0.04251513081402625,-0.2690878283045425,1.2304687137714363,0.7108166514392273,-1.6927459065041641,-2.833453299700283,2.4628488058219373,-0.15974849799158664,-0.8888596980356747,0.24835647020181761,1
1.5585571205255002,1.0421845265108618,0.9264418691476659,-1.9569593596546986,-1.2885972327113138,0.016486583150740485,0.24800781805125616,0.8083595496657083,1.027151035893151,-0.7971488586286857,1
1.269464604428191,0.36543065603245073,0.5890096161844354,-0.5549487931029354,-1.9640141927789867,-1.3114643878281884,-0.03072660635477975,-1.2451505759600856,1.2696132625998429,-0.5061238699717783,1
1.5612311564592454,0.17576668649703708,-0.4847529753419719,0.4379893919284201,-2.6950849677883233,-2.434267213292942,-0.2082906479115354,-0.24072430398905076,-0.6110850624767177,0.5549747741723869,1
1.4965309805658173,1.6671794043646324,1.8374296002671058,-3.416201976560517,0.16069028225238569,1.7694383534117617,0.8532640147433439,-0.8455521763546138,0.4050353858557128,-1.6973788393501255,1
-2.501314051572235,1.5800651094946954,2.8956618140418864,-0.25003774740474194,-2.776905409392067,0.51183306460201,-1.0377373510009082,0.6700496718155238,-2.3789960407532242,-2.807389420064759,0
0.8035884664903687,1.901615183172685,1.5978983568522696,-0.868462260304874,0.3156292835119423,-0.4542589004549014,3.118182752718671,0.07758538948639096,-0.9345938948984711,-0.9002401150272387,1
0.6858966914489499,-0.23214298717197757,0.2289226366069664,-0.5135645460957825,-1.5071850601037813,0.0008308315356917347,-2.2533583924537,0.33078380653823597,0.14425352228204003,-1.091305899481776,0
-1.7431463920171089,-1.011872069977558,-1.2687477387958837,0.2671549618322542,0.8444635391127171,1.4659304382414602,-1.1332390293165575,-0.3712573706703938,-2.1564453770050327,1.5436511887373001,0
0.07614762012009946,0.4482523611882222,0.9808352966603434,2.2390443408298966,-2.102498166283814,-3.6771181068822223,2.0242602497996396,-0.4751252784446032,0.6369080790029854,-0.3778724639797909,1
-0.4017100437654766,-1.6095558309218418,1.0706449298912495,1.5287740032075958,-1.1522347451160786,-3.4034627343072774,2.551217165614041,-0.20583985992134396,-0.18428900183271194,0.6291022499416364,1
0.918074392139975,-1.3388795315828868,1.2578478779404043,-2.2885238210140724,-3.4358155239879684,-0.8740531255441424,-1.443701773775517,-0.9769457393818821,-0.21392646635116538,-0.34300849277636525,0
-1.2119188264334255,-0.9230036058752245,3.2191131933502635,-1.3587831191745858,-1.3310127101654665,0.35342149892607566,-0.7560906015419602,1.4794817618608729,-0.3910246668655764,-2.7638103436634234,0
-0.7049044840647087,-0.6769726624841135,1.8518951693645023,-0.13949973115868763,-0.24666138480879085,-0.1509170702322112,-0.10169136429833059,0.4158027257204452,-0.1735444175613875,-1.7531787768899267,1
2.2475302205953067,-1.7452441191624688,-1.4110618076862829,0.4915451839508449,-0.5886457523504238,-3.3654363712112,2.4563644168997802,0.7691357793100331,0.8639235499624459,2.92845186363366,1
1.7241535914544013,-2.4933862622825806,-2.469178894995101,0.1369056037076437,-1.0173704044195246,-2.018434427582118,-0.3528556769003919,,-1.98468794144591,3.338115785733111,1
0.6543799347888217,1.0203122779451566,1.9316059456658954,-0.8459937499094832,-1.5117200062786593,-0.7638565887529957,0.6590963660831661,-1.0630362728537182,0.12999822580159529,-1.8088942103516286,1
-3.2699212852360207,-2.9568906366171293,1.665647157652873,2.264293865488245,-3.3091804662489768,-3.773128292878731,1.3484123968641502,2.6366691419455885,0.04189592115427648,1.1382967112668758,1
2.558854371303117,0.8339707928591146,-1.075571453344776,1.314315061740304,-0.8638118634568343,-3.8270535323930837,3.5997582524157523,0.23425926445676556,-0.4486956826194842,1.9865531782439905,0
1.1758784962705113,2.120342515978977,1.758096894261083,-0.5229926373695758,-0.8894454649656889,-1.3820038112060966,2.7948265319421823,0.4070903833988318,-1.5669593711673528,-1.2361929404566445,1
1.659556268613112,1.788114118620756,,-0.7230292577671185,-2.511795858645333,-1.7560446689754505,1.1927547888109828,1.5184220306521798,0.19286184315019064,-0.7467369305610163,1
1.5684352258722623,-2.9123217243658748,3.3687579598733937,4.682642764824223,-0.5754837387071299,-7.340690298767288,3.0224181037548217,-1.9320651585199595,-0.963396341198569,-3.638469025629589,1
-2.0819812429828186,-2.638153780799801,3.775198834573543,4.107994858732696,-2.8150913021117274,-6.168641307496174,2.7146256568535936,-0.4100294115389108,0.6040516449216232,-2.103499623108067,1
0.8678234397425202,-1.6451441561195859,1.7139034560174184,2.418979572522452,0.6209893649461558,-3.5579595171186744,2.057071558685341,-0.4502018916658434,-0.9250846204786352,-1.833236675295141,0
0.6053945918731218,0.5357671289818009,1.1787655295004669,-0.01904880404049547,-0.3746887385201553,-2.030333855869538,3.6178825899594997,0.9443852228353897,-1.0040796329550274,0.34754740500322356,1
1.3733243983758507,2.2619653960483608,1.639686494787097,-1.2650932620246622,-0.005818081549286314,-0.5431962950772242,3.179160507881066,0.8717025855988134,-0.5744867054162757,-0.9980748629628701,1
-0.5163042110659777,-1.4876915724931372,-1.185887815031123,3.6336157374981575,2.922884759055499,-2.149189537241203,2.5606890332688743,-1.0757366484416113,-0.528998414203127,1.35015535476633,0
2.946051195383798,-0.5383343828105498,-2.2695738653524007,-0.2232241041219689,0.07007245993766209,-1.0778314592311182,-0.2826452980204395,-0.5442961463142919,0.4672522151827898,1.805111312352356,1
-0.5454932953961196,-2.1348819153978416,2.508334238823921,-2.985718191918124,-0.7971097591014529,1.3401544889147319,-1.2803758441050765,1.6080672471727289,0.18863108156798006,-1.598165806146643,0
-0.4352739696231718,0.6818053713734096,2.4058097970142973,1.122234716102422,-2.3737835694662417,-2.1662600775150866,0.35839892105949733,-0.2899813544366399,0.3343270545535034,-2.5059359440166946,0
-0.9680927869737967,-0.6784984297738267,-0.751324221469903,-0.9000866939230929,-1.70017985879804,-0.14452361042144543,0.34848637188903686,1.164990882563923,0.23386510100924698,2.615683268785105,1
0.17445010804993066,0.39676968163349713,2.2201897868814555,-1.1375499182951114,0.472847347072066,0.39332392982312436,1.0262998190312835,-1.0247507500763902,0.17557408492582183,-2.107845464335032,1
-3.7153580711067793,0.5363310789176281,1.3921358340606331,0.8599463322365146,0.7287123233323909,1.7762758462987953,-0.13213331245878468,-0.44027463685080354,0.08797354712916895,-1.1557857578778234,0
-1.1883760781001411,-0.6677209278169405,1.3732825190944518,-0.053399590991119905,-0.9783106630054328,0.26784287427442377,-1.4539587108503438,-0.8474738905650646,0.27798244021892227,-1.5540985277795443,0
-2.4525042714973013,1.2711777000870008,2.746787703418961,0.5988856392186176,-1.1983721964707092,0.2845233392315293,-0.09232752511753617,-0.071120290830336,1.1126343052033019,-2.8186874259452237,0
-1.105247561530819,-0.5467567524067112,0.17924291031645237,2.613745809325288,1.7854763420734225,-1.1959386870506448,1.6097556028052433,-0.24788011907866303,-0.019918396299731203,-0.2478371134619486,0
-0.44687861025378184,-0.5747853828895417,0.2658454771148909,0.7397560738792848,-1.4947619443349094,-1.1934383749566764,-0.504777743932231,1.0578010075419184,-1.4766572235180533,-0.055840155431153615,1
2.557822781379401,0.9415541179409221,-0.07502851910212804,-1.9185926615397817,-0.4729628566804299,-0.22485855325287518,0.8765854252402603,-0.32417686104064125,0.569758919704179,0.19735353165229919,1
-0.797426997338923,-1.140991459112659,2.657158361198385,-1.4260629476176827,-1.7339418303332983,0.06105561451831004,-1.0075867120132385,0.7265116223360603,-1.4972323944841732,-2.1346933699574615,0
-0.47386497263054594,4.980745908884063,2.4170259378188494,-3.379974201402491,-7.612233408181347,0.05417910866069267,-0.5035611752826898,-0.05796399966830253,-0.7725421118422359,-1.0484451489648787,0
-1.0702361462468728,-1.428409206417801,2.0465642228247876,-1.4440773909718485,-1.1799651283230341,0.4398681501676936,-0.8528026056005139,0.18125394834505026,0.9429386198972337,-1.2580587575468203,0
1.9791570087601515,-1.1844796498743582,-1.2407038193244613,1.10147894903061,-0.3779480538483012,-2.665549475775647,0.8652781682780191,1.1788434440256437,0.08127716759106869,1.4140961213118668,1
-3.913583992596828,2.627549081236181,1.9976392719079328,-0.3525791114370753,-2.564771894781357,1.9693654383144832,-1.0790694987236598,0.8055747028061735,1.1209670236143776,-1.5559012926473867,0
0.0606515541030056,1.4765738503152201,2.124286061764401,1.7938645530787287,-3.1936539415208736,-3.7391013691016752,2.0085697005052854,0.2932844290048521,-0.01813424350808177,-1.6296242718518963,1
-1.9545583313767387,0.9638587037547022,2.4924393984534667,0.7424542411419855,-1.632255494176353,-0.4224899951679613,-0.04767593172241846,0.2939493879431622,-0.4509940170293094,-2.4725259602937824,1
-1.8101951040552096,-1.484703226409363,1.6505274789665048,-0.8468601658857052,-0.5760969729747454,0.8409247257620308,-1.0090920123166696,0.5921139002849184,1.4201849387819487,-0.9756395821345124,0
0.6444472530471561,0.8403371354447023,1.195113230191903,-0.3646043853505382,-1.2402332563434242,-1.1084985584030405,1.114509990572691,1.0440251294423797,0.12063476089345412,-0.8285695134966079,1
-0.1308940532376025,-0.40098359766237657,1.584960361362224,2.603669600872823,-0.27427580476708147,-3.0103278748389917,1.6136777975618664,-0.6374874348250117,-0.897659385275054,-1.7425995983474645,0
1.445848383118282,0.42279518544640426,0.12059962894831008,-2.4973929600662172,0.4653236008121264,1.2817448980823483,0.3866176716038343,-0.007062904550829715,0.2839110587363809,0.16756362928643864,1
0.8650945507172657,0.9023339769912433,1.8287033037495979,-2.16263443064821,-0.7379211359666253,0.7683822388907071,-0.012510457245785478,0.7020303236673265,-0.8432983112849525,-1.8719471406263446,1
3.2928137066331424,-0.11841813283250024,0.6936535012938262,-0.10485714800050472,-0.3763994191590989,-3.594138872562623,3.7731399438515125,1.2090101989009971,0.5354587474096335,0.2837740435999102,1
-3.5525302757774537,-1.2745118844358985,2.1249524982226244,-0.8278799201577807,-0.8950015133092545,0.4794362660864906,1.474796303282623,1.3801389388685148,-1.1211340127579221,0.5515480871911498,0
-2.6452738763647528,-2.3236589751302077,4.344608963017319,-1.1763628631182186,-2.7571827880914084,-0.7642513340229615,-0.2580741871733385,-0.37753114855982517,1.1049972018044145,-2.4852884543439195,0
0.997624923623714,0.1500320785415752,-0.3922879261720427,-1.5785039572056445,-0.5624785216806705,1.0286261973881905,-1.4556498605055557,0.22525668198359955,-1.2039136489663802,-0.007572851275263637,0
-1.5099070694958812,1.1719852158317277,1.026801734458496,0.8670418249570873,-1.2201968933461071,-0.41136382042042513,0.3948719396244912,-0.4647672239117277,0.2172079375284009,-0.8003246452476578,1
0.057033713692792753,-0.660779068204776,-0.3970810488128108,1.1782881227712911,-1.1448680325792209,-2.6717180696336382,2.2045534732235126,1.1625736681878402,1.1535028497815438,1.9048731049448326,1
0.3758286191640665,1.4526676116629704,2.751557419629718,-2.723196450843469,2.05894155271534,2.160956505346543,2.177208443487709,-0.031261414154246076,-0.21800563112112403,-2.4562290724397826,1
2.8025255323210203,0.8143165223620283,-4.825070271897388,-3.0838857029286437,0.788283446019524,1.8401356483712583,0.8089659046684331,,-0.6342747168173137,6.067691878792539,1
-1.5796487258565686,-0.3311968284512491,-0.40290614203598646,-0.06858732514178056,0.8204807107001981,1.4628793998839138,-0.4752740640812424,,0.06832212993981754,0.689061418302465,0
2.61747187677879,-1.4792197603825938,-0.5520237453532674,1.0221732029964838,-0.29219859115841285,-3.450030651972034,1.6917272566980137,1.3831945153293432,0.4800636179041039,0.8915793025940922,1
0.5757972257195674,0.46968819711669585,0.012656803976037988,0.31375180882735165,-1.4799889162078754,-2.22680937248452,2.4030127717031817,-1.1251861017311617,-1.487861703490623,1.369863509479242,0
-0.6264987619548498,-0.5065341322338983,-0.9713502434696554,0.8731373721669411,0.3463944542500066,0.6954582878862977,-1.984709256237167,-0.367074646018183,0.45635597313269627,0.029524445616545103,0
-2.7543999384160207,-0.11266185440511534,0.40919625642685004,-0.3969449448774587,-2.2122242500401157,-0.21863253711435066,1.2554747477458141,0.23071174907496259,0.8096575301482413,2.15378188492045,1
1.5126594140868912,-1.2507432863479275,-0.940102819014798,0.6044968617863908,-1.1222948651113716,-2.446259954807831,0.5847557264303872,-0.46507594620100606,-1.4464982035406873,1.4995780956623208,1
-2.554007172209669,-2.1717393502087816,3.6169710411717317,-1.8848247602981023,-1.3697425012096986,0.5096720018340479,0.06267752319257225,-0.6631645901261828,-0.15046814149498222,-1.6625055833238487,0
-0.4665897090508552,0.48319965801943343,1.4901405125113203,2.273454160100948,-0.9474797904136134,-2.6429567301079837,1.6186201387957575,-0.17802329006383844,0.5770721838351396,-1.4456877403217057,0
-2.7444209597107845,1.0701835003778974,2.501299307547887,-1.0644235754505553,-0.8368771324975766,0.506673261059978,2.866991627866687,0.7413198169079143,-0.9875229624269947,-0.1210471383369156,1
-1.6170891593317354,-1.144164274043963,0.6342682937564192,0.9695803653961772,-0.9355774474150378,-1.700329107108548,1.8051145344375952,-1.4427147860027125,-0.8819607642671741,1.181915491182995,1
-4.780262402881407,1.1109250242055335,3.2643886889174025,1.1434171662384085,-0.3799320051014554,2.180714169997289,-1.8435371011794652,-0.24734038702515676,1.782905600065144,-4.022120629751252,0
-1.849251362077421,3.3425892972299205,,-0.4728915113148029,-3.4734271297505313,0.16888256566655319,0.37288351682440135,0.08939527893161327,-2.0683757154310323,-0.9678887698889547,0
2.532126808491923,1.7716455664312312,0.4553151973573688,-2.8073203571314944,-0.8542908106377219,0.49498472983402353,0.7585203269347405,-1.8596630405497985,1.4336336088178778,-0.3441999849012862,1
4.284494376712589,3.7645921280394945,0.026131441184336798,-2.355453024545255,-0.7903638150547201,-1.0872898008091325,3.5825232230884936,-0.30704834092510147,-0.4627366479963379,0.32361680954569816,1
-2.85683378338603,3.814070494132069,1.7929878995394586,-1.0427177528469547,-3.449951441362076,1.67586298488034,-0.580495303587965,0.28384456730273677,-0.49419002306691273,-1.2555040237782749,0
2.933187079846745,2.002569976481537,-0.27700706705292405,-1.275863642711148,-2.076821383902728,-1.612496071092625,1.4533272466749678,-1.601181198811573,-1.0272518875051289,0.5753737214847143,1
-1.4316667993322676,-0.4138978847017363,1.3175295216604568,0.5918132807531963,0.5951283183187677,-0.2903799730286964,1.4014454268646301,-0.21359324220504247,-0.8679754225283319,-0.5741519874375881,0
-3.2816026793803235,-1.512573415679713,1.4683856503162098,-0.5940610452075182,-0.9102140170883616,0.38193538614652695,0.9736473745530421,0.7963400197488324,-0.6110011240896291,0.9768169257034234,0
-0.12498878008563474,-1.4190220565832892,2.435015409541728,-1.192994203254559,-2.4404099806307222,-0.42281439269186016,-2.1827957508548783,-0.47539224221454224,0.21907156253766866,-2.5552588376550665,0
-1.7613520053737965,-1.2418317632493472,1.4979291669765866,-1.5592251921971698,0.5512477955682289,1.8009165051955087,-0.35377980238080153,-0.8203284611324674,-0.8796436755512407,-0.6057926977825983,0
1.343617766009539,1.8091225679898886,1.6698974672900924,-1.1112533771709465,-0.6987494380860109,-0.7332795866592384,2.0697582847996943,1.6651423825437814,0.06589160860223994,-1.349622432894812,1
-2.4634071120792758,-2.0474281602163784,2.811206810016187,-2.8417406346751264,-1.6132690070633662,0.7185719320964419,1.0935001810886065,0.6928152103009226,-0.790017096815208,0.30140241449527383,1
-3.022580943990935,3.709939220858567,3.6371850802669807,-0.7014068550648649,-3.8458272541755325,1.2122147698862134,-1.0815107387909193,,0.9316659668680948,-3.752082952074154,0
-1.8755977913571047,-0.7484513901788172,0.9447826371200263,-1.2685352053156351,0.9462102666092307,1.847549898548505,0.33203613367330886,-0.6060838322196587,-0.38281748098675,0.1262866608402169,0
-0.31098118266095365,-1.2268334540321246,2.2328108179862727,-3.2032423821771476,-1.609848013845398,0.8535322357698955,-0.26432435014869216,0.34222557942434556,0.2726335143194143,-0.70799762286714,0
-2.3633937213143352,-2.416689154913281,2.56437446635364,-2.5462890908697,-1.531687211509702,0.6903893028366357,0.4146474368224735,0.1358559015662905,1.9358610256806046,0.16473952877374387,0
-3.770778730146544,-0.34237008401329905,0.9813429477315381,2.9114727032855576,2.039410790192098,0.7253662573530009,0.0872488632655184,-0.2846255042536789,1.495458245242957,-1.392736433924912,0
-1.4937538790511866,0.027832238403936893,0.2617924913852752,0.4907612861066877,0.23115518419984626,0.9108269624689136,-0.9011177334563315,1.3773350295283417,-0.08317177193461948,-0.5553726624929807,0
-0.10308822312941235,-2.403150983879944,0.5748188485446067,1.594147241189024,-1.2870152127008405,-3.781002849769865,2.2442191231183526,2.1857306167225743,-0.43263751633352826,1.2405446755206586,1
-0.9320430744408021,1.8166392101581281,-0.3838301351362081,-1.0483044077399524,-1.7651907240682776,0.8075469135976154,0.33773387920379505,1.6629314471898375,0.06578864864896251,1.388640261533842,1
0.8226272389439286,0.3046138140343444,0.6127643211505365,-0.48423031237883774,-1.9914432799685156,-0.26180748431262013,-2.1494358227053048,-0.06387783283134668,0.9389694687047921,-1.5928438567843726,0
0.5962515311580725,0.7417835004603583,1.7454274750447478,-2.1901714228386027,1.2890310052128675,1.422631945460949,1.4186937098335537,1.3049626887904189,0.4202685290565615,-1.4337684093133058,1
3.846991644454903,2.0695885557286555,-1.0638516052534193,-0.6789671685153912,-2.615744682676307,-2.869371976101689,1.892318166921769,0.7401256641052443,-0.38163109541321133,1.4015106233011285,1
1.4501161228382875,1.2949005606678838,-2.0787413245226802,1.5000848668412425,-1.4675567818118984,-0.5451937677360986,-3.0789926098622638,0.41905073475346005,2.585975175683896,-0.2378141028744425,0
2.4889740557822515,-0.22217901985663968,-1.0789506324553109,-0.9615661320505273,-0.8972387126762627,-1.6329508364888823,1.3753380402373205,0.9465770035733866,0.6823387820596591,1.9336434199122887,1
0.7139693290316766,2.6742240994442446,1.784454599037441,0.1838644422857293,-3.071949393794756,-2.24987358089683,1.7631655048965151,-0.8533994740391114,1.0729296145073466,-1.4292637931802856,0
-0.05117280067612662,-0.7726156195712045,1.773451527398615,-0.4969797983932587,-2.276184150045769,-0.5964508218757943,-2.015870224539794,0.4456779070819239,0.20748879785218177,-2.1849764253322963,0
-0.5654473250011955,-0.7011225589428873,1.9608533463793107,-1.466239762519833,-0.766245221736198,0.9685889367776099,-1.4221131434168908,0.9057176004973654,-0.034564239843803336,-2.0367601757423897,0
-1.211028379274259,-0.6211763051338769,1.8144564466415647,-1.365858784741923,-0.03723688524778013,1.3801973829907217,-0.6880969972841635,-0.1149509314918426,-0.18354032201646558,-1.4870691530412077,0
0.13998586495181486,-2.436575435753054,0.12830184161705985,3.0579054517064037,2.8143844503896704,-2.715151246637584,2.6424506817065705,-1.3479957843671688,-0.6167753615197077,0.07140315088287541,0
-1.6547229405701565,-0.8227251851111849,3.8709063377639215,-3.09732183867859,-1.259691889360786,1.0510662994544797,0.9953782533204303,1.3469412443889957,0.03302330719303323,-1.8079090504962314,0
1.270625698130909,1.0432089429108098,-1.9353651613690848,0.8039444947084324,-0.8913011822977914,-0.0029872626012746096,-2.4751083726574543,-0.6844404020861826,0.6469045232565658,0.15458836996835168,0
1.6154485962306597,-0.9142339685102008,0.9315907849345991,1.3506915444308818,-1.073131129919075,-3.3366248601499553,1.0587805456584647,-0.3860025756494393,0.9262574910843923,-1.0079863509659308,1
1.7448965345210463,-0.7206596238846761,-1.1306134077661938,-0.567800888540775,-0.9591140430534981,-1.0786329655462563,-0.1824370842018348,0.28121168258406537,-0.1821605838579241,1.4134478266283463,1
3.5048053671847743,1.7342894273491094,-0.25765381340940186,-1.3441181326176044,0.607868914281934,-0.4590368463764251,1.5442089663819958,0.23173094203039254,-0.4323011858095411,-0.3698235711207758,1
-0.43673233100025166,-0.7829994586402822,0.8941167467320855,-0.7845359784669454,-0.6814480927288422,0.6724738527822874,-1.6307304659651196,1.6056779580824545,-0.10737861841004537,-1.126548415022964,0
1.5809417070892262,0.531782321094256,0.6327853071998973,-1.691377353781785,-2.258018880649054,-0.3604193855272088,-0.9894818870167434,2.040133885996919,-0.863189712166828,-0.7702693122068318,1
0.06933387242033406,0.6354249314682534,-2.7050583653874867,2.108677196514251,-0.17474459081388827,0.001792328768954775,-2.372573941268345,-0.7687664100385205,-2.5089571784950757,1.0436580105443105,0
-2.460588762128974,0.4211921304910651,2.55755297592164,1.4020209552498097,-0.03570626005398425,-0.09282267193490955,0.32627486579179543,0.8507193944606469,0.44489589500988425,-2.732392595772149,0
-2.130563847480482,-1.508616302179385,2.940338730494414,-1.6982408389394568,-0.35423055168983264,1.1944491684325498,-0.18249965692934467,1.163000969705304,-0.09390356871304721,-1.736450353729438,0
-1.4155576130259961,2.6555041577469307,1.6702610082836529,-0.17257053293129276,-2.8979127424026774,-0.27037745794374957,0.5396408634070489,0.0017948728781070852,-0.40415715947930275,-1.1141967316970718,0
1.5373672034409112,1.0212525598791973,0.39279222353495363,-0.43398292000581506,-2.4218910273836864,-1.7662859065006673,0.5379742226406079,1.0745297902299311,-0.7974381170700989,-0.14462812732803787,1
-2.3927575123485694,-2.5729267602714776,5.668580993325239,-4.012526322218417,-2.661058077535219,0.2171090289712784,1.331119446887631,0.03755307666056291,-0.10210305889143893,-2.209205250012198,0
0.7741005914599254,-0.6089459470715219,-0.8712912687340587,0.014189693169659567,-1.5475520656978072,-1.554306541065796,0.34444671959924544,-0.7619412381350837,0.43594762971547235,1.6971530488094038,1
-2.4028319174857247,0.9423770226077863,1.2108496974971674,2.0262492648708044,-0.05583759199061833,-0.16078252195374684,0.24925857602948542,-1.0175847772133757,-0.4588768450249969,-1.5131376976191255,0
-3.2417734917618883,-2.0752359668077274,2.3706025591811204,-1.5926261674876967,-0.667300047538899,0.9752927892976969,0.7365413466785198,1.4937097590055342,-1.9255673603328771,0.17479976669287067,0
-1.0433007575196904,-0.7387198461759765,2.7074310831518558,2.026535441585903,0.3018486700132126,-1.8777448348888501,1.1320085976028624,0.725081044447508,-1.1554517938176596,-2.9434639639389646,0
-2.4271864648707133,2.537159335932392,3.201965905735933,0.5987227458546787,-3.0687953326571615,0.05136487748216014,-1.1015135955859878,-0.8963675478251808,-0.5789517573489231,-3.7915492007428813,0
0.5104375269608423,0.19411856264268557,-1.478731180197029,0.7877669343246476,-1.3279626404269398,-0.32661942137726585,-2.2718428565931537,2.148296863786959,-0.3524537316377418,0.41543761811603286,0
0.49940089109186603,1.2815053577256157,1.0666405643865118,-0.054291126083714114,-1.4438641834524721,-1.4735732529585512,1.7802627945920082,1.295207072669644,-1.4921020171453638,-0.4226741795709882,1
-2.437081762546507,-0.20625163115214984,-0.09301939153467487,-1.0259863501785478,-0.3151503213220678,1.0219133791651829,1.6441631020826257,-0.263423635119504,-0.06828620776429063,2.5352054458621214,0
4.250496365232372,0.37663819639467877,-3.907942248705556,-1.8858838966287448,-0.3821565495936263,-1.1594602739556548,1.8320774968247553,-0.2526248688026368,0.7570320650539775,5.050927622555383,1
-0.11415710652807642,-2.221558173409445,-0.3378034514349929,4.001680411954499,3.22105071563265,-2.7521035098292432,2.352533647449845,0.05969188057973627,0.19340636718971696,0.02741017507866661,0
-1.6988340320517827,-0.05494723758894027,-0.40435811296775975,-1.1894325401133607,0.5044992556534558,1.8210038105815058,0.5087948490455907,-0.7347432134727092,-1.700627249651378,1.7336748228604062,0
4.5309868129621105,5.1762711592034085,0.008400918435482317,0.8342122122383537,-3.6337887629972174,-5.608896198202278,5.977125025426545,,-0.6723935843265022,0.913887572570419,1
0.3019001673624274,1.72448363273606,3.0984339559177094,-1.3420127903199204,0.25735863957518057,0.141438974815173,2.3990503575377025,-1.873240111819152,-0.4992476144946552,-2.750530705538929,1
-0.9228877065507856,-0.5407601818582795,-1.3137535024009421,2.105674860262889,-0.7548699268473126,-0.32757372232096676,-2.681235956898438,0.2674753888980612,0.48459137883927483,0.07667499766652286,0
-2.15026645699811,-1.7218271277451462,2.082576428059602,-0.1635994599147499,1.7578011578594612,1.304442587613847,-0.048031736395009794,0.14341763068147614,-0.48462856460008136,-1.7657767418814574,1
-0.8185984525138537,-1.1926934128988946,1.0067774206256865,1.0919366192904363,-1.961839693506973,-3.2655990981325385,2.757256774968721,1.5375513190343435,-0.07567107265706344,1.272648358399997,1
-0.32631209072543377,0.6960471330465279,3.1505373508420207,-3.3193202131065274,1.2022439011101902,3.0020789774341723,0.10790481632199833,0.2688507864009919,-0.48021443413239945,-3.1401650075572407,1
3.604064243863756,2.148526706612387,-5.0913295877070155,3.15733380092861,-0.9870321409139899,-0.754698443363554,-5.527297121602772,-0.0487656518431153,0.6268770635290218,0.24653968073174193,0
-1.6503463487790526,0.2567712091890131,1.0952189020339058,1.4807157718248132,0.2519259907916829,-0.569554793472044,1.0469643157567587,2.6068591631497697,0.10798392072522883,-0.8598011531631327,0
2.3450914824985754,0.7398686391314071,-1.3851516342920496,-1.5850073872598864,-0.302778283884062,-0.8433522324714242,2.4816010165636144,1.2428625628583145,0.09262758794892355,2.7317464188936222,1
-0.01998594981891566,-0.9584721986695851,0.13489347473316926,1.6437825838235312,-1.8284749160375597,-2.9351191052570504,0.7954287102174393,0.6322163140318503,0.5574085568511856,0.6002651228159799,1
1.6361947885644028,1.02167703600163,-3.252847719366407,0.922138593945834,-1.7588677137352415,-0.6255987100594613,-2.4120884731861025,-0.27583995989645654,0.06323214651310118,1.945830272920297,1
-0.4896843362082862,0.23198106355283188,1.7194644980002467,1.9438762997315604,-0.16474815440879298,-1.857457754830503,1.1153705809732324,0.15060249284463378,0.10527862390967795,-2.064305066186029,0
-1.5461342797943933,-1.9130762885846357,2.358538654530109,-2.216394248376831,-0.9399029505935134,0.9242250455464242,-0.3442823363663856,0.2321945046423276,0.6586319527905097,-0.8057813223446022,0
-2.8103387176237966,1.7693573690382527,4.173578268332923,1.0553709496405015,-2.6485921729922266,-0.4695511206951281,-0.6209438871994277,-0.1840868670159194,-0.10986412310193568,-4.636354930648873,0
-0.34773456826199856,1.0898860639531909,1.683217547718647,0.3141807546851306,-2.1781739794547255,-1.458339896078086,0.7980034187026099,-0.7067067683730057,-0.6292206728473624,-1.2792066138846359,0
0.7671360075900643,-1.968015450445142,2.353705159859158,3.9103294821859977,-2.4658258298409046,-6.4973912705108585,1.9329674444365614,0.8461184692959337,-1.0504376287559674,-2.110515384714826,1
-0.8920152676271587,-0.03589869086832753,0.5947658190625991,-1.989436813662158,-2.2791589563798276,0.13636900545698558,0.7690072082967059,1.0734127024104452,0.7654021560133495,1.5292066457850484,0
0.013484555722622416,1.5936599723983953,2.3191624345132276,-0.5934456006857906,1.0141602970683237,-0.20623963809868218,3.454348155195867,1.3906435959499572,0.5712242102362395,-1.538034862249407,1
-0.6452919621603278,-0.1055483502895379,-2.9725181466098807,1.9978565901085399,1.3356081885002933,1.1501601378890085,-2.561492160224653,-0.5077167691497139,1.762979652537399,1.3313998386880295,0
1.7987747506367842,-1.7801384073423265,0.9066739569408306,2.3915710966487764,0.9551544504375491,-4.2556990998818724,3.2002354784291493,-0.49898725597911187,-0.8003354061653037,-0.5653609392717778,0
-2.8298996547819097,-0.44409909951624926,3.7186171226652593,-0.0800319264755206,1.6010021984472744,1.0969547290436503,1.495606293552428,,1.9235134876034545,-3.0632528375554076,1
-0.4172904869640979,-0.8959010823949507,1.5304333106371326,-0.991705469244354,-0.7715020612684113,0.5291608343826341,-1.4027988621101635,-1.574341717731963,1.1494873640103684,-1.6534994754525338,0
2.6974012564876335,1.1228531820802787,-0.4332033089713145,-1.5196776669150927,-1.1958128915731199,-0.9313315094661739,1.0032070748237647,0.2270288603889453,-0.3449831619570674,0.6929558100007065,1
0.38427406572657163,-1.3190467580116074,-0.6371422236560736,0.4010846710120778,-1.2379182907442485,-1.6110249941793655,0.011315551835433424,2.0773434395699533,0.6436687530224908,1.3479296137510017,1
0.2748792037098222,-0.0634290251749674,0.9385716115799281,1.4010963440467998,-2.474740557395834,-2.8803392702085566,0.3900588877544833,0.372842248655825,0.8301613723463044,-0.744972662789219,1
-0.5923032909676791,0.02945228229562069,-0.1987612236068436,1.3334451482979137,-1.5994846382259822,-0.7076062151319197,-1.8967337229108838,1.6772005099660963,-0.8065198324565613,-0.6131437684943182,0
0.044193269734392304,1.5681523933644912,2.7335946647326748,0.6757325664334928,-2.93437626160426,-2.5820530228605416,1.4206600356981904,-0.9948563524675411,1.9530596955398964,-2.4246897230835227,1
0.2973335403815187,-1.6284382844230985,-0.46101401828011246,1.6608398594509493,-2.3835058038599684,-4.034298320029751,1.8012572593977936,1.1361913746425423,-0.08269774501839869,2.2041350341206893,1
-2.5530300374756427,1.8325939575999004,2.7287087422482297,1.1815634157926038,-1.6812142252562334,0.06562072915840475,-0.5691274447750796,-0.5552804969053294,1.0595655726233972,-3.279508117874921,0
0.7439193577687995,-0.23078780642390972,1.5286228799502553,1.8573137103915736,-1.2310701778591486,-3.411948083258554,1.632784091010083,-0.5054897554445111,-1.2858640172797149,-1.4571645339587915,0
0.18831462419928435,1.084544419974332,0.6990233193205726,2.6975752005424036,-2.0567599951125652,-4.274958935504236,3.2331841127770935,-0.20141990007697352,1.0454602404822526,0.237193636488374,1
-2.2758810850899915,-1.5906725447713617,2.837782756617683,-1.8008590550334618,-0.805741469094944,0.8786612620383093,0.25110100076812514,0.14707682744597397,2.037210639718358,-1.0904648782611823,0
1.4620381881709157,0.7991080373163717,0.7299451606488442,-2.3811594296506025,1.3436857209143578,1.2895048302963645,1.4637189654475207,0.7475461257864594,0.6603430545626816,-0.4292104236150893,1
1.2675248115162967,0.024881620401801197,-0.9744777793148277,-1.1999686717208844,-0.13040051982532874,-0.5947542219496015,2.0160624385901116,-0.38113769667341885,0.9886087934991747,2.3902343692905004,1
1.3458608866316295,-0.5943263175610726,0.47771734717678777,-0.7036653626615066,-2.4154542260917893,-0.7169169426255072,-2.6666486570273618,-1.6571435851323046,-0.42581799836655126,-1.403695220633826,0
-1.7977642936370328,-0.38266696113031506,2.8113617562425537,-0.8442451601568877,0.7611078924757073,1.1910851522944734,0.5399819961945003,-1.3750852331670849,0.0021835908370359453,-2.33354987424282,1
0.8852089952595505,0.4090567200547439,-2.737789543563107,1.5862223472204233,-0.26579511617817,0.021191922029422248,-2.834011087591466,1.1464871587330383,1.515413815348209,0.8095556287174839,0
0.7979385281345133,1.328642093396895,-2.425147315534426,1.1168460068905208,0.22614795668252197,0.6670713711449988,-2.0881036764623837,0.12146106419954589,-0.34375651951011005,0.5943469100945797,0
-1.204132457312922,0.17085071837456034,0.2897627525449613,1.3542534377640325,0.0997320778266817,-0.7340731842004933,1.0872931956618415,1.9723444790822,0.4704829961291065,0.1276212241781689,0
0.6441874140999366,-0.9012959162246381,0.8096538111550587,2.992881785092486,-0.10873614682415123,-3.730130753869579,1.7485271756007248,0.8640699821389469,1.3111622966036165,-1.0195634155435216,0
-1.879195336990819,0.12885771378537514,2.139154549326192,1.6727745198573327,-0.4638924566894016,-0.9108247969171326,0.3927481763358822,0.7595000375161222,-0.9096897884083344,-2.253935293101986,0
-2.515317036419578,-0.9830049870143527,1.4085083281506525,2.614989199315393,1.6357561739998827,-0.45166543821535143,0.5772545081185882,0.6446898032842333,1.5973972932216232,-1.6608200484607396,0
0.23003568202595737,1.3307645356550666,2.43561041415598,-1.2927432353481476,-1.5524745150843982,-0.17607844545976942,0.5948059481754366,-1.2094353289590587,-0.9261632634832083,-2.2400976362292404,1
-2.684074422218261,-1.72497251399288,2.3063474359855727,-0.08713982763418537,0.9374864323162038,1.1788580307366254,-0.4161030723943442,-1.614749862291331,0.09675491843880031,-1.8189375381662147,1
-1.227936879596494,1.3122458268156225,0.1613448303327343,1.4512083107960976,-0.4839370638750319,-0.7318995166820322,1.2208088141840254,-1.556951086706478,0.2023833705986952,0.15116794431377256,0
2.0281812084166644,1.0492187182134876,-2.2846113111891277,0.49634142518011437,-0.16726621456988744,0.5450303790960654,-3.0563945793770015,-1.366114080933685,0.04455216557115131,-0.15315745799829628,0
2.436338278808746,1.5080486868443497,0.4516207746955592,-1.0705625484488193,-1.6052144860959592,-1.4340121502292786,1.2487392519869083,-0.4966510521282467,0.4185145591570548,-0.3336272655711938,1
-2.113012180175771,1.9554381065443964,1.8118387911438418,-0.24902693275970633,-2.377576506008296,0.4598990528946059,-0.16989657414162962,0.6072890151016929,-1.0259648174807778,-1.350029646657661,0
-0.3839556484612312,1.9643792007824796,-0.06962808561724475,-0.0643545436209354,-1.5004543624417153,-0.6690853019252697,1.8702204896971488,-1.828405880841963,1.4355709931636234,1.1776163104521276,0
-2.1697860120161634,1.6237955888827866,0.7947020555723637,-0.0393510629080962,-2.438783280664917,0.1700928912496789,0.17558037775216284,-1.1285906730970345,-1.532683970923734,0.19418164023565954,0
1.348070215000941,1.2024728768113138,1.2996102451242897,-0.48476065257123013,-2.2350118016352685,-1.6832964398359878,0.7720675987918917,-0.3806946237950925,2.1563496317292987,-1.173070758679895,1
0.6109489178404153,0.6971434601695308,1.8624784435608328,-2.9241332354952765,1.087411438472762,2.1300272223351047,0.6265679051676213,-1.0981863837781498,-0.4638544295059457,-1.6914659641557546,1
0.3679245512738225,0.9201604560485943,-1.8857220256193477,1.1892029262790067,0.28235935338373475,0.5166314481178738,-1.8063241150771696,0.2739110868471789,0.24409844350238658,0.33456995822865054,0
-0.883031570197294,2.495824960913848,1.7437975787421731,-0.5621875248706978,-2.9502924504903083,-0.40573711045142025,0.6304776189229239,-0.048829835933703165,-0.3754074464839619,-1.1387814177725901,0
-1.6486784097201106,-1.3643728951919818,2.2662831290563443,-0.502856766381745,-1.390663193567563,0.25734307289738906,-1.590840897839768,0.3023229003482749,-0.14166263187224326,-2.0454945746096227,0
0.22953894060585722,0.4310536604114813,0.9233225073443702,0.39449262577725697,-0.4806756451684808,-1.4284981125194496,1.833926556725279,0.829149035059542,-0.4037034339979068,-0.31026236142752406,1
1.006097836535776,0.6621000752534891,1.3449067739782592,-1.6071514612877609,-1.0799204016455788,0.043340515054825696,0.07278018367542194,-1.0053151259972355,-1.2590649114481933,-1.2866144842665213,1
1.41687181634369,1.235363613619565,-3.290141954319153,0.8950426662347024,0.7476019300582775,1.0717106435297623,-2.5059561838678666,0.6233423006748285,-1.0575146702934315,1.144686115299013,0
-3.280326182407079,-1.3932592208459755,0.9231360658000404,0.19787996553913811,1.4855870974502157,1.7868696581245074,-0.12356715816844632,0.8810588920574334,-1.0356040560453943,-0.09070369982728455,1
-0.24600808047488476,2.7347079287342098,1.5023842576426094,-1.1340552855956942,-2.648565240662214,-0.14308239618874616,0.8987558983705655,-0.7948936470016904,-0.61836502004413,-0.8852669073465966,0
-0.2932334599322307,-0.9070109886821476,2.2491218594389624,2.1645402731106103,-0.2352658869600256,-2.57681845101089,0.9186399649508687,0.06970426942928022,-0.8915434898545047,-2.5967772748203233,0
0.2610488017260826,0.7452075448793947,-1.7734053368968212,-0.0010212948326766558,-0.4802162463221773,0.6782505865951863,-1.2955216430648677,1.1904749851934822,-0.28370672836473176,1.2782583624055626,0
0.44533399219155134,-2.8884463266990625,0.6079574310691557,4.195632205620944,2.823423778080733,-3.8058869944625333,2.3920213833108814,-0.10198665459367798,-0.7554988831339492,-1.0641339772624359,0
-3.380863336026345,1.2497346880866365,2.0305265160437216,1.1814411466706225,-0.3771605370454405,0.9995262273401998,-0.30623877819565104,-1.909197458977243,-0.39343789627455045,-2.175485233544221,0
-1.571763176050251,-2.477250747283314,-0.3879170066358011,4.110515549453846,3.8889883443250124,-1.4450757553259412,1.5514697965172952,1.193586535476262,0.07386343441088038,-0.00023925006560943096,0
1.683941853061321,1.1008267132075473,0.5924739107687473,0.1352371244731454,-2.846277447334403,-2.6221657473738462,0.8507393714876262,0.38767987903284645,-0.4625329663133788,-0.36775377268482545,1
1.993190234332418,1.3011879360852248,0.05016397388162788,-1.640728666101848,-1.0034183437244304,-0.31234122778521417,0.8617224184793753,0.44670361080914417,-0.2459953383557008,0.194655675051566,1
0.13997360639205658,0.026964028199127466,2.056164438233704,-3.1588896130859956,0.7006704448480525,2.674199003131683,-0.8570335482761733,0.02310434600073103,0.8687983383055493,-2.1819181062429363,1
-2.313226240502165,-1.8922687796895965,2.39113163797617,-1.0831598180239939,-0.8538552620205223,0.5434427169852396,-0.29850108557088384,-0.3001287868282,-1.3512904026984345,-0.9880246137751618,0
-0.8174269839272579,-1.2348206426703592,2.5250164171253253,-1.096686506325679,-1.3524938239440738,0.3990417816201281,-1.843891408503237,0.14880876167959034,-2.5208470065727346,-2.6619847863339006,0
3.1776340165659063,0.40348512793602254,-0.43633301883102243,0.1998553101133822,0.3820200424153284,-2.5800420767556758,2.8868838258650857,-0.851180482447485,0.18807335699177305,0.6935279526458771,1
-1.1663771724102754,1.1075785806362088,0.007871183682212837,-0.34562985660364287,-0.7674848376621358,0.33383336014149856,1.132685778371557,-0.19609321067693788,-0.23389780045359396,1.096254524315543,0
0.8879699399465752,1.3135391828280687,-1.4920992594673232,-0.5173512376532708,-0.6362069721419197,0.7708648898965957,-1.1990000093372017,1.0507742904721133,-0.2822405919232288,0.8021704751059571,0
-0.3349918997194601,-0.5899400349178642,0.9667262861235426,0.18015207675314138,-1.352678984737742,-2.3269041606451553,2.866316733004838,1.5895230361038624,-0.8644267053357196,1.1459505761571132,1
0.15416086480772628,-3.4726806802761083,-0.13166471847308694,2.100597983158079,-1.1740545964954547,-4.341737090492027,1.8373186238522878,0.38292171005726305,0.5686446160127705,1.9196091221427727,1
1.2041215369419644,-0.12482680535549318,0.3850946921263564,-1.9109495191029024,-1.0267213061916516,0.8057921954016665,-1.7447840219428248,0.8011817639881827,-0.6849871791437476,-0.8588429858390596,0
-1.389946032279497,1.1449596559839825,0.9211840769810425,0.7889282320570189,-1.0979397686590495,-0.672280402200512,1.1593921507172493,-0.9400159321237541,-0.22777097912363464,-0.2722366466193785,0
2.234689092533067,2.5146328486031897,0.3402423342843522,-0.09632469419183254,-1.0837269938102796,-2.4037887297637317,3.747027432450936,-0.09426907076490067,-0.684812109738896,0.46453405705119843,1
-0.7042112630488657,1.1435455124511518,2.3530756147362095,1.7169004643930226,-1.0945117054223503,-1.6357596022781782,0.5931035281895063,-0.05585218265281086,-0.11356256479045149,-2.99264759820898,0
1.2820550577882353,1.9376576569201807,1.5412543809015757,-0.010164917501658932,-3.758753841496635,-2.7802320540702143,1.1532093546064464,1.3448540311806945,-0.3773865174622099,-1.1531179712239559,0
0.11487816335118506,-0.16467821911390967,0.405668363725164,-1.0392128670060732,-2.0022534787071304,-0.22131036975499774,-0.8491139703857009,,0.014287211883989065,0.04965492617414524,0
0.7779692205972046,1.2527610214949192,1.6596944599484544,-0.8147980734094938,-0.990959782444594,-0.7269979961909089,1.3609162547187421,0.05237276872756848,0.7813581198065147,-1.3665878064492967,1
0.5339576499741084,-0.2661710127916046,,-1.4791169006514382,-0.2704888366234135,0.5205814872681397,-0.436303704820451,0.9919263098869546,-0.7798066757376003,-1.4498667901471742,1
-1.7257939551280945,1.992172486957293,1.075091392373879,0.6953439030245921,-0.8233484886846729,0.10157567905914301,0.980900761281158,0.012521864329786338,0.1652400500649252,-0.7763465787107453,0
2.960773752820683,1.8131363772084246,-0.22200935608187874,-0.6259773250652009,-3.3819858168487773,-2.63500022640616,0.7970196503634434,1.5907957421712526,0.27168358450003066,0.36164035771163094,1
0.1856656010649298,0.9406936601545505,0.47125724215265097,1.0549114789263414,-1.1084884981036331,-2.026754919436726,1.9418150490830515,-0.2544760766453415,1.2371808002890092,0.12414756116779224,0
1.4403903196753483,0.34808448115784296,-2.12857569504801,1.3768015705817498,-2.6827504817440024,-1.5007654128095227,-3.0845367857078756,-0.7621334485140979,-0.38418166570697554,0.5786784925184505,1
0.9341127514268759,-0.7013610296595585,-0.20326794270142842,1.3671908106060346,-1.916457749900459,-3.121368881935607,0.7693471144450776,2.2106897260157643,-0.08837328752639602,0.6961792455551532,1
-1.1997985367113402,-0.1688703608149844,1.399432551780392,2.191446017143333,-1.0353802695109882,-2.9931461416967466,2.773590099294583,1.2368324661272665,-3.8366555484593694,-0.11358734221613997,1
-1.9982904416116503,2.6694011834616678,2.006312103751701,-0.005180618486234412,-3.986857252706574,-0.3549995317346864,-0.3940940793778762,0.6213467399691023,-0.4213568077704419,-1.569085382416032,0
-1.5588614934571396,-1.6028667357048052,0.5609924958078163,2.958407211541017,2.941853904231083,-1.0788501096197118,1.794034279794439,0.29335203632298334,1.419035611367264,-0.6032276076855225,0
-1.5783717749828186,0.29454333433877034,1.828612589542875,1.5457145964149002,-0.8972409151227628,-0.9393299342129392,-0.019937854419668444,-0.5002610165866755,-1.059211708372902,-2.0843903465263818,0
0.42735681596118824,-0.16932514119565178,-0.5248006574967472,0.9191816118783518,-1.7343762493256887,-0.7169475464491539,-2.6520391419400937,1.187713384138455,1.2561974394136823,-0.7624541364285489,0
-1.7534870571788117,-0.9695860499996594,0.597314400573635,-1.3343402298688796,0.5426364302266866,1.7116967214837702,-0.010223335616612927,0.1602688574175767,-0.976620315863556,0.5451845638450896,0
3.980483559012711,2.348917370342117,-0.9932187737963836,-0.36167596850753747,-3.3365144279533467,-3.493067399487533,1.9207035421029672,-0.08621709800745275,1.0781253957947718,1.303835217749739,1
-2.3923198642589494,-2.1293470353898227,,-1.0672194102399313,-1.712328602366265,-0.0239007922035834,-0.4474716758240376,0.135428834719957,0.29593324034609525,-1.3964231124503277,0
-1.5427090662411587,-0.5456748845883033,2.7023660177605398,-1.0752419878622945,0.11118329825878548,1.181807639660308,-0.3341976859713873,-0.25111783464244086,-1.7582088766554351,-2.448452298668716,1
-2.9401246089644673,0.2750000302859389,3.0482430969802676,1.6635937737595834,-0.35330810124904677,0.08947854543705323,-0.6681168600550844,2.404837542253973,1.7448614066234935,-3.6873862758562046,0
1.1063018344898077,0.6740881754171157,-0.7459077835930417,-0.7024939698265462,-2.732083587382562,-0.7393033615411623,-1.2435118312086142,0.9944145282075845,0.5704860860796908,0.723510155220817,0
-0.5963140997524268,-0.23451259003751634,1.0521239264399873,0.6038901928088649,-1.4881257895400644,-1.915378936885799,1.6282745776803913,-0.38856822049120293,-0.532143890173102,0.18924688717979787,1
-0.029525558158722598,-0.05378818533851448,1.1987428079974138,-0.16352323618891806,-0.9259579232447895,-0.7933183134071459,0.48052375934120906,0.6149612320467747,0.12390681652107108,-0.8290385318882589,1
-0.6966657374175043,1.5567490025008413,3.0184444583990113,0.22376167380738554,-3.3809239198843786,-1.6445306079403568,0.17556458338532221,1.9435288811221971,-1.1918747041912499,-2.9070731493548223,0
-3.7937861780451034,1.5126683011963455,3.95763917550034,1.082942474672911,-1.539591948560098,0.6389485063708,-0.7506633579814204,-0.6608342358101458,1.4469441463869799,-4.358684453685607,0
4.5099507127463685,3.051032592191075,-0.609643580196643,-1.0091962655509255,-3.5336617819696485,-3.2704413662705205,2.07826453145992,1.5894412835616984,-1.0263536223898961,0.7898043345297785,1
3.5746030259663093,1.1525748091354844,0.2202383397284836,0.09425237115980845,0.7107147157533646,-2.1713833771604247,2.529930579656308,-1.326262161949157,0.05389734703320638,-0.7979258962647662,1
0.10521004674674306,-3.146582662450625,0.8273764511239543,3.6307849358336215,-1.6101522890076856,-5.007517677180193,0.31363510329484556,1.0326575166220122,-0.18722732150688023,-0.6777768236913009,1
0.3911774335191216,-0.005839112110901823,1.9073441495432635,-3.866545210280496,0.37255571584625113,3.1540553785453307,-1.5183563330472456,-0.03756350936619123,-0.9728278925829571,-2.0928550109741755,1
1.8972636030860834,0.6587828439652788,-2.729087843324411,-2.482393424592858,-0.46578009691311606,0.06178369828668415,2.5369405535555467,0.7226748248882985,1.745858970273136,5.024720459741342,1
-1.0292285889982242,-0.1381413016329529,-0.3602598951520895,0.2822148807151754,0.10211012030026634,0.7536744466273932,-0.8626489748062175,1.3286464115446437,-0.6590238266596705,0.24429759574720866,0
-0.9044865881072512,-0.8591766841344055,1.1648706085180902,1.4950617175699157,-0.706390466923591,-2.9010831325392084,3.2634932572668522,-1.0561115691870866,-0.4093405752186243,0.732331544977038,1
0.35082743801603744,1.0194949284593207,2.9919503035040558,0.4780491444934647,-2.17317633122012,-2.415492228786985,1.443703096500386,0.4753349254274913,-0.4580251830145565,-2.8421791072935734,0
-0.9411051564301101,2.131218330578049,1.6209269273422215,-0.37506098487161177,-3.3259981234732683,-0.796900143590881,0.5154480497205401,1.5027343263055881,-1.7806256729074892,-0.8569658705833357,0
-0.7936600140414624,0.5726166337241356,2.231228600724977,1.0733852150414007,-1.5943629706487115,-1.774187499668469,0.9525391704149998,0.4685401615460691,-1.1772264174512104,-2.0083084907526363,0
-3.1285322338607315,-1.2565854024497412,0.29124272200489987,0.469368564895009,0.8132571160338402,1.2388224887712058,-0.052962944769299525,0.5666021483927255,1.1077210959824486,0.7556064996693375,0
2.593214051281101,-0.26223242573408834,1.1112829980836092,1.452645289285297,0.08607868386864026,-3.2639247931925923,1.6221744252114312,-0.010352289907736689,0.21282439866996872,-1.9033587749390666,1
-1.178245413362272,-0.40903782992370996,-0.543035978966524,-0.025635937433859946,1.1114098908739578,1.6748735480066617,-1.1506676528912347,-0.02968879028597843,-0.8668845848834666,0.2374084880741787,0
-0.7919633444904155,-0.027173411591435492,1.904509058853844,0.15165170725237398,-0.7593510908881794,-0.7077599800666886,0.6860537217288226,-1.0257233949746074,-0.8093466847948803,-1.485973206146685,1
2.305620090090499,2.386038727156291,-0.006021535218382431,-1.4997968008968168,0.4789253723782274,0.7111085441499926,0.8328019298279334,0.5106006904103135,-0.024129110454973405,-0.7619378255766129,1
-1.3033981243359003,1.0714208505354175,0.8984340506734921,0.24246775108087393,-0.9609857292681423,-0.06597265838469997,0.6771199761614767,0.14782073903652695,2.05419384125607,-0.37289729058890664,0
2.4271444544421907,-0.1611541306677482,-0.2170120841771992,2.2610779981022984,-0.27403524176767935,-4.401203582097904,3.157999484679584,0.09030979920643496,-0.8814337052269955,0.49217548733163397,0
-1.6580321693368627,-1.7665741795263545,2.6540602412744505,-1.5739267398437495,-1.5766566857247437,0.4059276226737112,-0.8830918472644916,-0.9910911353316136,0.383455014854216,-1.5252951428943438,0
-5.425282005745296,3.096390025435907,2.9472060968297904,0.3726684293658483,-2.592817248261806,2.7239869367493728,-2.160261549228173,0.1697477679706617,0.396366956467351,-3.2169371087757845,0
-1.6585577422094455,1.6811264862380058,0.7233535297347186,0.4156619501163221,-2.1330595480418886,-0.4004861433650656,0.6216907097934663,1.7230747176462498,0.427962626552635,0.0625227341754655,0
-2.7686144811048092,-2.617620274977809,1.3474202079490052,1.899042922559069,-2.8909286364743156,-3.9286346268988486,2.67493876562441,0.23513529936618852,-1.4587583925306935,2.0040061553392254,1
0.23715451983958746,-0.3248532270197667,0.3717242342395223,-2.370943841032454,-0.41392705354522463,1.2981022188216071,-0.33579621648975233,0.5405895418122408,0.8810621873806654,0.3747261513700977,0
3.161920686400728,-2.1829866130841404,-0.6578284147432722,1.642560842752986,-0.3141039300453973,-4.451535999568537,1.7286763828627112,-1.2689825772544985,-1.756868699401502,0.8499903937441307,1
-1.372323181129378,-1.3010326436007313,5.812342085283134,-2.382013905484938,-1.2757803373085939,0.766988041845808,-0.9267117186318333,-0.13260407824049675,0.0689061331209721,-5.556357445566521,0
-0.5061215951006935,-1.3618606746877395,0.5841330546829142,-0.5387314194401696,-0.6749719895469276,0.48405732511698796,-1.919494635631012,0.5400178017231407,1.8481091041055524,-0.7826086436186492,0
-1.436115988630755,-1.4557963697105591,3.4756295758771447,2.8684841776849144,-2.0161085662374765,-4.2754207749954904,1.8049934267753487,-0.3056324424067956,-1.372409737561307,-2.6883454991968616,1
1.7753582730407733,1.4356666999973626,-1.4010498196210497,-1.6535772776808777,-1.8178878137568413,0.2416223345965142,-0.6443802860275427,0.902091311588268,-0.34230484344914897,1.4428008043268812,0
3.4863396374203806,-0.569557372831772,-0.808463344852285,1.133423857001713,0.8258219147164212,-4.075850814508394,4.301274460927421,0.08387250176093364,-1.2931222504049704,1.6923972780332681,0
-0.4566016284193066,1.609007093435677,2.3682068757016426,0.7077675658872333,-0.8870798215870208,-1.750266037638446,2.9121292239185372,-0.3310243342080806,-1.2847277664174672,-1.6072492728752805,1
2.8245787651217533,1.6504866785968866,,-1.6111001014783977,-1.7315215162066602,-1.0940536970778356,0.8978877932627377,0.43426364992207156,-2.8019115694878916,-0.2968858727771502,1
3.4699464341444735,2.6796163260511503,-4.25262056926305,-4.262678233457526,0.9285927690698639,2.635024046230245,1.766740212713708,0.09112486725337687,-0.07083684791609023,5.432847353233111,1
2.470912891440175,1.2281299361700715,-0.30258682951102406,0.6998267862394487,-1.5364077794541702,-3.5038887408556656,3.1730660486478857,0.05821272708505647,0.20885354253433172,1.123143204893832,0
0.48297952619605966,1.1181679176804964,1.476155181016286,-1.3457997941297202,-0.0776433530944115,0.2196317500211762,1.548104669455592,0.7497666284891851,0.33086702840635124,-0.9733324084662464,1
-3.2515658564901666,-2.9114056230921537,5.389840235311093,-2.861172889437537,0.38860603678333083,1.977559604342182,0.21861708500631227,0.8264223241917663,-0.09872089445567296,-3.49085685693237,0
0.029124059358978105,-0.6001038452768661,1.2981433979341679,1.664865669157219,-0.5793436676443031,-2.7028493118160206,1.770178116023339,0.8331794312701818,0.43915013370041756,-0.8397248646241106,0
-4.307817857386295,5.255517026075355,2.253075535356973,-2.091203347183663,-3.9016237204750253,3.7254716386986204,-1.3595433527483247,,-0.05883285413152221,-1.6770137431879515,0
-0.4922628398860627,-0.5860094221450312,0.8341041513949232,-1.9113570893445782,-0.2364930291737941,1.403478831103705,-0.615112243367471,-0.6368823889389575,-1.5693895953746837,-0.23342965157942208,0
0.23529940655283466,-1.096119509944708,2.998556621511858,-2.634684105468329,-2.2214051278299642,0.2657893849007523,-1.4323315536584305,-0.13774106038792705,0.5628544804571306,-2.6022329849542234,0
3.5327476904314663,-0.9441170904889471,-2.020209373173645,-0.480363552654707,0.11069079080967392,-1.5799327533565792,0.22637906241165007,-1.4582131138187504,0.12342918170364875,1.7845510376151,1
-1.7367237765395038,0.8857485273296499,,1.3446819664154812,-2.196490559241054,-1.1435693207217779,-0.4128359220397495,1.1711019716695594,1.3106059128134633,-2.643481967398655,0
1.4097548181546924,1.4305412034694651,1.485005394748458,-0.15693327141304692,-2.7759941274492057,-2.551404049018141,1.5926257237284984,-1.431354847054427,1.6372116447028533,-0.9737410852108483,0
-0.8735869117384807,0.770071181388096,-1.2943903549526952,2.0812677677059153,1.1009609416655541,0.7908158763968551,-1.672781897120337,0.06440752243194205,0.6055136511241652,-0.4092791473535935,0
1.5083081250549273,1.3575059945959875,,1.1506393402833512,-1.2119894586093343,-3.171230969501829,3.0251706759959633,-0.29954941119919215,-0.7506268219767557,-0.16871146089083666,1
-1.5013238754549794,-1.2797710858093536,2.04815159212695,-2.010660742370673,1.2848636768230786,2.6121026365781264,-1.0317034292529152,0.49911050679894126,-1.4266492108103472,-1.8421137760522268,1
-0.8861405694943989,-1.232269306299395,0.6761431017238883,-1.884064188710049,-1.7334252498152567,0.23420254754372408,0.006956948524374562,-2.141430880319705,1.8640485304117584,1.1623663196419658,0
-1.1138597240065162,-1.5983949034130571,3.561448997487767,-3.9454143998148083,-1.733133060132305,1.0907358032729504,0.44598339092875516,-1.1546343387288442,-0.3357859389797497,-1.2171128310361714,0
3.1561823355574394,1.3247266621487763,-2.5447161192561536,-1.036299333884521,0.699067412911248,0.23737608907974297,0.3277559836351617,-0.009159038534655271,-0.6838489004995763,1.9058678028808456,0
-2.610724244368046,-1.3072111358837917,2.3685967074656022,-0.8617287903225799,0.18464742863622852,1.187040684219659,0.10226203855979654,-0.5334524457759005,1.257613112576651,-1.2293130552003078,0
-1.2708369057213402,4.148917166114529,2.0808406698179516,-1.4516290851780318,-3.96962381630773,0.6866348846892008,0.017380103745612052,-0.6274207344263732,-0.33781509419140304,-1.653749809479843,0
-0.14995624166679855,-0.23181717999470863,-0.6044663020037886,0.7585921594283008,0.700718323234593,-0.9571473923786982,2.06829648457505,0.4610780322964351,1.2288565502005595,1.576813099246022,0
-1.4565594772937152,-1.6053137747548836,2.2787898239378546,-1.7412439400996833,-1.6242513239266838,0.26420861887234565,-0.3183230310007671,-0.23320849820639397,0.4131474759526224,-0.7803254006449178,0
1.1688207928687417,-1.347490887226494,0.005953356929464257,0.832358102867979,-1.1682090832272485,-3.1584151104866054,1.8190379807402843,-0.19543484652276386,-2.215822425020668,1.1235461120353862,1
0.6894785599321638,-1.015309026119025,1.415516977628487,-2.3008644598019385,-2.8799840200702347,-0.3380673333825103,-1.420280508662846,1.050319552276355,-0.19308207400661265,-0.723772301096927,0
0.8445421089772571,0.29534164263365026,1.2261218036712886,-1.786231182277703,-0.9411309377899034,0.4048878137504462,-0.3789806990175286,0.6399029571520845,-0.5329937194259537,-1.196704732389918,1
-1.2329003788492234,-1.3688088950330513,0.8497367947138372,0.4161815482483562,-1.4178911295715035,-0.3115872940669572,-1.8679467568252113,-0.8741992700141499,1.4148406628255548,-0.9228314051839881,0
1.67643026934826,1.3999009120236734,0.7499372767334966,-0.1262556791707019,-1.8143881291125452,-2.0763076034349632,1.612438839249043,-0.4046958568633263,-0.20068521837532977,-0.45767561008810187,1
-1.7255921240617198,-3.0193522998827182,4.82192062658281,-4.36413740901258,-3.367367629818162,0.010301921380097374,0.536384767591384,0.18087111148243243,-1.4942635290662387,-1.354043882444306,0
0.6425334753046029,-0.8270307282818387,-1.3411615164526192,0.6675380106689941,-0.5397443210698194,-1.0296611570067131,-0.49440596679075677,-1.32484578093274,1.9126881343567956,1.3493105531050804,1
0.13479924023244305,0.3534015453375684,1.589186908824942,-0.5457599072743189,-1.2042638146591926,-0.6652582800600374,0.4826765560250206,-0.301579807791105,-1.28950006972398,-1.2794063969617324,1
-0.35622734606206685,-0.7391036719295039,2.095530529310494,-1.6582721826570395,-1.823342034264238,0.1631437883725451,-0.9695509004655202,-1.2107426266291645,0.23764265629995912,-1.5937188923174765,0
-0.48808399155816795,-1.4309370081761377,2.232179266706184,-0.21271573971711233,-0.9198361726910103,0.255638321891249,-2.8641739550860326,-1.2244022070472718,-0.2758957214401739,-3.4150537523037827,0
-0.6957678606143254,-3.140732377159682,2.4296915128254994,3.810922711612688,-2.617240215118522,-5.8272494323301665,1.0191448345924006,,-1.6171718900455445,-1.7123399379494657,1
-2.9658419760221326,4.092677541376247,2.513762394635025,-1.1546311807790022,-4.364565859755088,1.5204223596371051,-1.1090082833800494,-0.7312545688129569,0.3056655686425959,-2.174595789671332,0
-1.3802178983022553,0.40838179391509233,2.143416019410297,0.8788565289084674,-1.9677343077225475,-1.5114303092754855,0.7465436424633448,-0.26813913924176325,0.5845240518374347,-1.5498222039548621,0
3.63368678935683,2.163341388575287,-0.9331250080938924,1.09300252597625,-5.028652657288901,-5.246517668856907,1.5623316357958033,2.0268171160423925,-1.9790186934897123,1.2223992121603837,1
-0.5186712526036539,-0.7545240719846478,0.9384953976210691,3.84605587363008,1.1038160685771863,-2.9881692461004716,1.7024163123629825,-0.642776382899948,-1.4162688593406074,-1.5307287905840665,0
-0.7042458910864042,-1.1301534366435377,1.5269728007818921,-0.7265295357197807,-2.2885048411164677,-0.44370441646621495,-1.4687886114303874,1.5884471762401118,1.167217733304373,-1.107497454979728,0
1.8974341726064545,-2.1407648261743217,-1.1558678545752117,2.242171419810699,-0.8686574386119121,-3.619379742829347,-0.23184468925563206,,0.4403539938779136,0.7547843621250736,1
2.001773068963998,-1.6679321375190483,0.44053841089320456,2.1646197846548145,-0.7346507546218946,-4.5708822811395695,2.0631133565442683,-0.9057972133711476,0.830498133985952,-0.1209323965756881,0
-1.3640859049373109,-1.0251862150095945,0.08639820088066306,0.8284092193487742,0.5940804811962626,0.9865310580301957,-2.1769076419582705,-0.347524942518858,0.697238046390313,-1.019591856246508,0
-1.0069762523884798,-0.7569923088309986,2.377206399312471,-2.116153411867989,-0.8796669018764034,1.0619667632252106,-0.375619959373916,,-1.162938986852913,-1.4883221165140668,0
0.3940090919070439,0.6404330602955588,1.4228444083072675,-1.8944427611737436,0.0333499233442327,0.9608967434305141,0.5835849350766855,-0.6132118924759965,0.5948543733972447,-1.106545520355426,1
-1.4111400679751314,0.12412169748251922,2.8540035310335146,1.3991263468109127,-1.4320585605948164,-1.9314992829091024,1.1338456567082398,0.40684763513978306,-0.4503681912566681,-2.475540948803105,1
-2.7509089886125917,-1.9736001595708603,1.428204747885388,-0.7730261581988714,0.6289930507647423,1.3904732057908138,-0.044184886568090165,-1.3993421658487708,2.3059465859677397,-0.043600411149877116,0
0.6482214333010827,0.9791680771258588,1.789185231987216,-2.776949898724814,0.7713734551599054,1.846998635668849,0.8471872776126559,-0.10852784256484785,0.11447605881877927,-1.5311014533924454,1
-2.6058542456241147,2.3112512489867028,3.12312131831357,0.22700932629079829,-3.3139357623697223,-0.11879070501047947,-0.3816056675723918,-0.8859707338977769,-1.2060223714081189,-2.916429333872835,0
-2.882571621875991,-1.9819365040068155,4.068787832998468,-2.344063201988072,-1.1112362666692186,0.8674650375346682,0.7475763518650176,1.1377767806686623,0.6132655446611438,-1.683226113884742,0
2.523521702550312,1.7781581712767742,0.6541210316684637,-0.17522361132799347,-2.746383063755056,-2.7237114797835527,1.312607109165636,2.4015836610303523,0.18496258734208662,-0.6331767368912824,1
0.5478567843823224,-0.4867711436145421,-0.22762166225886224,-0.42011982007334714,-1.6338184379814271,-1.8695744849159905,1.847687042901966,1.5283315634862455,1.6000978468204783,1.9975625217200859,1
-2.915673686699978,-0.5652273351300428,4.249835820470996,1.6745518510201431,-2.7766967769719226,-3.6599340373856153,3.6285778799405417,-1.7059590948907353,2.052073311421935,-1.647424347715749,1
-1.5007984241957217,-0.9764155510891364,3.020687093738112,3.301852253038302,0.592684429295844,-2.275582440322719,0.5702059935473336,-0.030786502413415195,-2.1529135157575157,-3.978661794237337,0
3.6302595947061764,1.6999482124158742,-2.7625536309733514,-2.40308534682162,0.5352997872206948,0.9798183959965729,0.48144668167707527,-1.874892064047533,-0.4805744132024745,2.5263858838498154,1
-1.3941668984795081,1.9819067067878926,1.1807920883243541,-0.03971777188510184,-1.8919863013602558,-0.11821684766606884,0.8444131183078828,-0.8351245039722351,0.32699451327009765,-0.4879299566928489,0
-0.31793379186099036,0.8044795972499561,0.6741004208346655,-0.9788650061300062,-1.1970011616617664,-0.9473947062958838,3.089869045214766,-0.9710620291077331,1.2666612531984123,1.55416857767104,1
0.9662756638991042,0.47338792339863867,2.8991042538966365,0.8644113602887316,-1.235505298146329,-4.307810013133141,5.261412993402732,-1.9062366200893806,-0.6335895154938127,-1.0134604874705087,1
-2.760341867731896,-1.3353493611299356,3.5985171394962427,0.10287879793878041,-0.5719778149832005,0.4700455053812982,-1.0755768612233538,0.8312111031997558,-1.6872790796411685,-3.4957042660512783,0
-1.5496488887580684,-0.8290981176933245,2.423315746348115,-1.0545589282064387,-0.7688073963301372,0.6530495934905322,-0.4659311062348379,0.669085210267524,-0.49945119288521345,-1.801282579012883,0
1.320807737131919,-1.7577587182376728,0.1022301902876663,3.0698657251499326,1.5984198766892344,-3.9808534379569926,3.14456940825562,-1.8337057676294346,0.14431001943507885,0.11852963366678115,0
-0.6351749052162305,-0.15327807532310744,-1.396404131061482,1.5843696027185183,0.938708310192488,0.902456968375891,-2.392066568532665,0.6844861335529961,0.5647762643141505,-0.24557151746548644,0
-3.3789589891813128,0.8315962716491951,2.5197048801816706,1.5400504077411323,-0.2727910153172217,0.664281771549811,-0.5092383418396353,-0.8246503402906875,0.2177182010871666,-2.9342364465686703,0
1.053016255710391,-0.27013138074390297,0.42065549769464916,0.4442240152827235,-2.421269422287586,-2.2932229999757174,-0.26112835535536827,-1.0751030481167556,-1.3449277870651724,-0.36055630426171215,1
-1.1004736022013348,-0.9803468620749596,1.4085703935101819,-2.1609198303480333,-0.2727226385447925,1.569712493176655,-0.4468406363265506,1.1516655830474756,-1.4822314236773086,-0.3908861924353192,0
0.0358572242215518,-1.0949607153258487,1.923061393826143,-1.3935129494602267,-2.8794114987005637,-0.720360841271135,-1.4874215554938384,-0.4799681461487265,-0.24795420732788961,-1.4626989846098957,0
0.5461921728563258,0.12922729539655875,-1.0202582795296726,-0.551465909522945,-0.17454013060290297,-0.21904518111570695,0.9783629796769489,1.1211881425699046,-0.470755099124782,1.8559088322221309,1
-2.9084619367721247,1.4378190509477113,1.8785857054884174,1.6782528984520892,-1.6152619464633673,-0.05583461793303015,-0.6732048242749373,0.6166639764711183,1.2608495199993097,-2.219532779147026,0
0.5565417296509525,-0.48403271187831487,,-1.6584589282032565,-1.136624715653087,0.18460165908567353,0.6800905102707413,0.3160678697299512,-0.3764225545881953,5.121751625014422,1
-0.7480561152739205,1.1489532141534302,0.6528899774126956,-1.185377143784847,-0.7762684415795095,0.250994147831659,2.0324251135086615,-1.3115491378986817,-0.2365373833685352,0.9555814343616571,1
0.33503051885821455,-1.1071168837143268,,1.080075697843812,-1.7020170695981718,-0.6671077244258744,-3.9386126434112185,0.6297395144087381,-1.6191730565158649,-2.135700891571874,0
0.26652742139761,-0.08142906401160932,1.8930127048324044,-3.999172417564611,1.611554121779148,3.759750239675194,-0.9686212087112389,-1.841919078931543,0.6069426083866378,-2.0383847589455355,1
0.2854635570492212,-0.07263430849645613,-0.11563694674279014,-0.2220010773694283,-1.4128559940970848,-2.0445620436198775,2.8615067896487947,-0.97826564926624,-0.787036278933299,2.261152245624921,1
1.6705651699088495,1.4764887209977453,,-0.7251802266725964,-0.440191738864502,-1.262022093174795,2.4370526919437268,-1.5515374209681267,0.15252588289761657,-0.9278184528978293,1
0.3875939205629928,0.4942649945466959,2.1316177278462516,-2.020965890516311,-0.004657479945642251,1.1334295976008726,-0.0067256244183930836,-0.4352481970051683,0.583837081539059,-2.224292018528301,1
0.8344039596921264,1.5017468252336987,2.362905742951733,-0.6261914240454818,-2.177355167157139,-1.3558541218135776,0.85569176626544,-0.31178557325602474,0.8766058798421794,-2.325808238070798,1
1.1699646457655066,2.4355801804160384,2.533241925216546,-3.684488095322248,2.501398262629282,2.6697521191099844,3.1668432283721986,-0.6124228909008682,-0.9779388355526387,-2.019483012714183,1
0.7885361339571846,-0.3267386601815718,-0.32312541366656716,2.3165905979762096,0.9396302204233193,-2.9058447756237875,3.0470276137383454,0.8533489773401466,0.5989963416842641,0.8148032350295173,0
1.6322873310839479,0.1292520913708345,-0.03366780014950041,0.36828592209016553,-3.408635138280247,-2.7898871674752943,-0.4884229982418229,,-0.11798109460737784,0.07558194784685823,1
0.6880798063094049,-0.5824690652172417,3.3599736390831225,-1.137196161323412,-4.508698002483252,-1.9828822077669301,-1.9343108907487236,-0.29987747449661223,0.9530094982140498,-3.49684370608371,0
-2.9054934545841826,1.544507907790778,1.2646853608061985,1.1358707828751167,-0.06039723352490056,0.8671914494577802,0.43873612765801673,1.360168130828013,-0.17464794568162792,-1.148607950701888,0
-3.0253626874515573,0.8424767723522482,1.513960607760365,0.8854327528900044,-0.612237103861232,0.7604021678477975,-0.19160473382627963,-0.485678744575047,-1.3401248956547858,-1.2759273648623195,0
-2.29284930673098,-1.1564963328103137,2.8559914003536786,2.024365409644017,-2.143071694350804,-3.425138019594404,2.5363133655301695,0.4494335159472622,0.5446245744993387,-0.9126746462233244,1
-1.5107443025266813,1.974461613038939,2.8232586617166806,-0.0985826276425108,-2.9101483566617605,-0.39673072949277893,-0.1626111321364796,-1.0188699570667352,1.0400578907933893,-2.7248650782121446,0
3.830082588972585,2.1640126364819694,-2.6059318370036713,-2.2879396121501974,0.6109141113925165,0.7662157057260205,1.0093260084626345,1.399417926653883,-0.7956551338258075,2.340808465788239,1
1.8902894203839815,0.22040822081424594,1.9857336929347795,2.0724626996419087,-1.1016916745569239,-4.623241867764316,3.1501406220103276,,0.8100272385061165,-1.8506564096502398,0
-2.043390105208209,-2.249831063784823,1.5248678488822267,3.808267585160684,3.5341150554191048,-1.335876427292089,1.4719890049736883,0.3143386831314305,-0.31608296112297335,-2.107277010752477,0
-2.240650487077427,-2.0837414285756735,2.6637125157930766,-1.5477925902466183,-1.2305637238412888,0.6216285406141357,-0.5568811613937776,-0.2990690852300549,0.629360633428892,-1.147223887067545,0
-1.8341373520720592,-0.29649882763625546,0.7649745139222485,-0.3169881024238923,1.4541851314809233,2.0078983311904217,-0.5271266572553146,-0.44494639089525284,1.524517181115903,-0.8303406131674833,0
1.5677792060288938,-2.4998280803671253,-1.1717021646439192,1.5011878622355737,-1.9360831931321307,-4.357287818954377,1.361109048155968,1.3342291941726905,0.3590550934803667,2.5622211711291625,1
1.3479325970716305,1.0563395577601198,-1.2597930528036951,1.4837354617265612,-1.0657332996956908,-0.3181523635533091,-3.3950013732922883,0.347397486434762,-0.1453494223138852,-1.4518593571952383,0
-1.9771644177962975,2.703427041051122,0.1340051503117589,-0.04841422751360591,-1.957023014469373,0.434688774175767,1.1532869679484394,-0.31207193205273287,-0.5587958188849573,1.0041085635772014,0
-2.145603025109696,-0.15290640376994946,0.6317401996299823,-0.15052623638710982,1.0924818960828842,1.5457955323704078,0.3273051489557961,1.6478776057836733,-0.3559349170869707,-0.04357723947495429,0
-2.815316862803595,1.3019042086255963,1.7622927544666085,0.4516744544854898,-1.0124962383826615,0.8347220070748542,-0.10483578017170325,1.9025582052295598,1.5268126635772652,-1.475272905286865,0
-0.9470920975065692,-0.9919356306490152,1.7967075505100594,-1.391336319587221,-0.5532574317593648,0.9871156378477707,-1.0559289639954843,-0.741498249912725,0.43521152828960236,-1.4772784158439027,0
-1.81836141618661,3.2811890338342904,0.3737861060333288,-1.570170151991169,-3.7410158276718484,1.3384907372392616,-0.5627575330693062,,-0.726774137833843,0.6054111722551327,0
-4.14541977857316,1.6675103011652315,2.357174998482261,0.7728081113729538,-1.153917440926097,1.6028312558330253,-0.8942173504080537,0.6636463470328414,-0.7596730177525534,-2.370999062882295,0
0.5139406281136897,-2.1922065140502065,1.4224619247132368,2.353380006329558,-2.032287707024248,-5.272090205507102,2.6392251247210057,-0.1692744383326247,0.625318334021503,0.06906374130342341,1
-1.2522043325559251,0.670420821438399,0.576754780236788,2.097897626068515,0.32245475624032527,-1.0840066232263263,1.3737047079017057,-0.7318573084158859,-0.8031108339533145,-0.5608412468552011,0
-0.8792729662605634,-1.0063563209449966,1.8297948296003188,-0.019392112361349634,0.12063928772494115,-0.09399642120752541,-0.019239208696158583,-0.7100154428915523,-0.7598021319877752,-1.6676291067704754,1
-1.3452760086333773,-1.0006150061421522,0.13716186336445174,0.9380410206659948,-0.01220819521795724,0.48155248252817345,-2.0108288582764002,1.0716803738905898,-0.43651486326554356,-0.8455491056727042,0
2.000602400215983,0.3708728939273387,0.9150085513640581,0.36083399172312125,-0.6961731327227054,-2.2767817468919476,1.4174878597883123,0.2971600238082216,-3.2415138253291205,-1.103310139181287,1
-3.300978373232205,-2.6650047272726973,0.905808743343821,4.034696179644023,3.8409004451149293,-0.3807371206454369,0.6163800250111907,-0.9414031690020248,0.4115657191642819,-1.4040846423222162,0
-0.5856246733258763,-2.110104487216285,4.3393613404885585,-2.1491534835150903,-3.154577938783075,-0.6245915195350228,-1.7603179973578693,0.7195994976248915,-0.7066691040731404,-3.701854465417981,0
0.9623339249025332,0.7189206443847349,0.8966192939535538,1.038776831264551,-3.2066152697670818,-3.2069940224948765,0.6584469255001686,-0.8193868304987907,-0.922351329061918,-0.6808311893855592,1
-1.4259138725547778,0.42187175490892903,2.1573712758106556,1.8010309948757237,-0.23198870626370194,-1.130902699446944,0.7147989250808473,-1.7632366989034851,2.2887906608802893,-2.4800970771921245,0
2.026564424128181,0.9459948689524249,0.9895156919693723,0.7955322660567085,-0.5676101208730695,-2.297385164259173,1.371395272235088,-1.2534017182950186,-0.5892537307950677,-1.6261747004585092,1
3.085129102936355,2.492718047362252,0.6407962509141722,-1.442661564208465,-2.0032955203458056,-1.695894677755564,1.977727639638152,,0.48473464796892385,-0.4487468153188645,1
0.3221170784547769,0.057502558444826546,-1.7511111589599961,0.25708997370470277,-1.3033025391630004,0.027252338814064803,-1.9935610206639516,-0.3006743604436826,-1.7681569117532319,1.2220272272538764,1
-2.3400956134453423,-0.9699189742568759,2.9136321624465276,2.564885374786525,0.4323425548482902,-1.2908893270849782,0.32537815709328344,0.9459295852703784,-1.4419103561118092,-3.3479132220865973,0
-1.3286042742880126,-1.3752252985617404,2.6494718573872653,-1.8318111873383887,-2.0160669534072966,0.1780420793025385,-0.5584829943850111,-0.6867323955673516,-0.9820194972109048,-1.3456796653292145,0
-2.837220515259785,3.647113458782956,1.0979824686817867,-0.8912532161231059,-3.0611512480297343,1.643732849198387,-0.18606378069230356,-0.5552861026010363,-0.1605596095017974,-0.29331783724495886,0
-0.40992300025714234,-0.6488353004539812,1.4248124962822193,2.2547996901122236,-1.286355302555438,-3.02190463814483,1.03266794609613,1.1433981071495527,-0.21519632356018042,-1.2336925970514896,1
-1.374656192920742,-2.340771215942037,3.6283081707945466,-2.44567870375241,-3.0084012325466123,-0.40176092056140167,-0.6321120554770495,0.10163005353342468,-0.019318304271835673,-1.7246353791487752,0
-1.643002558037752,2.277519686731358,1.2110027250753819,-0.29661059289080627,-2.672589135264439,0.06480982270196571,0.35079842250661,-0.4033797459686826,1.0159372235635562,-0.4666056595133057,1
0.4557908696000874,-0.6189318437800377,-0.3093819377745782,-1.0105899918646193,-1.2470273988971505,0.2833612406704095,-1.6373476034272152,-1.1804604852320821,-0.10381248440296688,0.2525207627140198,0
0.3398351856415085,0.7712046572692646,1.8942469272347795,0.8909476948648626,-2.049659139770232,-2.5944394827632604,1.487566136852996,-0.8491048509902235,0.4853599075531901,-1.5523117834801208,0
-2.2135253293615147,-1.981406764324387,3.2652166343717344,-0.486981457692201,-1.2086655709358736,0.21430011294738702,-1.4685101950384856,0.8259235830306532,-1.7151799707034205,-2.872366818717336,0
-0.5631797197737931,-1.469090501944497,-0.6060529386052933,2.8825311562777305,2.3905462212830484,-1.9426676308889501,2.4987652761501327,0.5430322792896524,-0.4998724304108518,1.0532491827382757,0
-1.7188583874702523,-1.3936400584464494,1.6945903016606871,2.30290990331589,-1.3581273455081893,-3.1769717354389564,2.0278825041448147,0.351662354974059,0.8775475534514207,-0.2515736280224028,1
0.7922014479101792,-0.4923469687656946,-0.2554908246839817,1.0316934560632596,-1.4857257148556657,-2.807377734074971,1.5378159353439993,-1.5198927996189848,-0.5044226832971694,1.1754356807672353,1
-1.2449377511491038,-1.8184535598723375,,-0.12494648206152592,-1.4287398836360856,0.014796311132752187,-2.517367019006209,0.8918405795948128,1.6010743061643926,-2.4585161688733588,0
1.1060515076519053,-0.880167466818576,0.812753372205752,2.045415660121307,-0.8408648837396284,-3.462946762907197,1.1871540688742637,-0.013973228476073308,0.41870457829236835,-0.9388392408624056,0
-3.664800895328644,-0.8035759027703935,3.6372021629598152,3.604265043088934,0.956096695710088,-0.9679907835547034,0.04555919090380367,0.1664931271151245,0.3726481864800551,-4.528657225434927,0
-1.1120268059263494,-0.4319778550315504,0.6602135115319178,-1.4469427197032783,0.6019206363643139,1.688866994633748,-8.62887813746216e-06,0.42896794854851705,1.7379849851235203,0.07673413922020855,0
-2.623454745721425,-2.9000240349446713,6.4333412253341,-3.09419639138871,-3.8056095851523604,-0.6797254718617138,0.11191848512553593,-0.7634653033091117,-0.2996934959328892,-3.6456695093385014,0
0.4281801595366983,0.5534148432034228,1.377536130379496,0.640940480649882,-1.7796816747997628,-2.51742233059066,1.949722535364963,1.3491351051134295,0.794923113875559,-0.5949130190669837,0
1.9497388295820506,0.8933122613325675,0.11119509989069722,-0.7109254238350249,-0.5776709077762994,-1.0257217784921526,1.2210216570876222,-2.162032299927439,-0.7504101277546562,-0.0063532566340327445,1
0.050811763906747576,1.4688665120720756,0.48899518803543457,0.36011385917331007,-2.4009267275022506,-1.9230566861034097,1.7471736132194002,-0.07782143613647309,0.7034921482250248,0.5438347044055203,0
-1.6005410745427255,1.5392071190841248,2.321152092652916,0.6363631060948189,-2.2039802459004454,-0.6720216378037501,0.08687531594489084,0.6308756035961556,-1.5138305012448536,-2.278054929123792,0
-2.062355334190933,1.0712456067731895,1.8762491088783784,1.4126007083920977,-0.8641587277620835,-0.5242908314180327,0.5251924651931968,1.6797473822215292,0.7399440513793163,-1.8643447854234203,0
-0.23540011501672342,-0.26202018315907605,-0.27658185113808814,2.7609705391901915,0.7635212351621807,-2.118309737095618,1.509964158597575,,-0.35840357551288854,0.12120215750262031,0
-0.5447796162620921,-1.177900826829487,1.5050027142560065,-2.411308802100656,-2.4958694092916236,0.07166550917820654,-0.3838793376437176,-0.1471927507680115,-0.9880028180029409,0.19783514328595708,0
2.8753534053967584,1.0492184741966972,-2.885039411916635,-2.2813865044798556,0.2052421494526393,0.3599357901915382,1.6404025984030373,,0.6276804178744745,3.9112793134674533,1
-2.4559059672160783,-2.7913486553517193,,2.562280727812478,-2.955196875532418,-4.216829593454186,1.647074738945328,0.3431585541974166,-1.0777207457916016,1.1553734033097616,1
0.14357412952816317,3.699808963073777,0.9078711085257251,-0.93327748589576,-4.022170809733954,-0.9068501300373369,1.0888327465044447,0.9022713999434526,0.9943515198154235,-0.12500366311073619,0
-2.9291489111247873,3.42524821483473,3.38102203542811,-0.5529979012539863,-4.043856959168368,0.9571346478432228,-1.278348478920412,0.3990441406465261,-0.5820613340930124,-3.4777295806318773,0
2.743778643727203,-0.6063372262724425,-4.2907570203454295,-1.6184006701776257,0.2007354950387079,0.7406542015385882,-1.196064739966304,0.9982176559717297,0.10769944910661848,4.376229385396693,0
-0.6404683035168279,3.1347255005341856,2.0126476164694553,-2.1661868050183783,-4.145954324095335,0.2991607344619184,0.24009307783926803,-0.35208774745388094,0.22063080430716323,-1.018209914727329,0
-1.4234893336809264,-2.593322766763418,,-2.835521606327039,-1.3827970745553708,0.8319212116336192,-0.8648552524720851,0.5328917202270399,1.21317918839159,-2.1985806347110497,0
2.96531195491274,1.0741332728857813,0.4857747001268877,0.1115335374054679,-0.24095070919657013,-2.08002133239576,1.5912636428585074,-1.5594357791262254,0.6122698101053926,-1.1159486959605398,1
1.8774153493815584,-2.500814462898356,-2.722121464506248,0.21873151791115186,-0.7981701010061503,-2.448468141185426,0.6939801841723376,-0.11359216170196468,-0.7532037815909708,4.10396190770363,1
4.474189758083832,3.28669676025119,-0.6561378191743943,-0.8118259077176883,-3.081957704428047,-3.364314651446765,2.8368389644527383,-1.0198013336945937,-2.3910785652839595,1.0027235070777087,1
-1.575150794097177,3.2232528863153664,1.7138306108386334,-1.3515339862484623,-3.490635966462981,0.5342633105184273,0.5060243184186763,-0.483933444951233,0.7762285047241061,-0.6849670926146934,0
1.3226426775622517,-0.40435386925162753,0.6824084125540988,1.6530659553689577,-0.841843855425727,-3.601819507554431,2.359735431284519,-1.2981039036871578,-1.4072934434924025,-0.1889721983509487,0
-0.14815178441045396,-0.3218597372120603,-0.1624199634667543,-1.5283551256054038,-1.0930585368617847,0.8376223852068734,-0.9316261062328842,0.7798286407550497,0.05245738688944395,0.7485213160407469,0
1.1906652414165586,1.5589513131604167,-1.4764212217054253,-1.8390641182413567,-0.1494885801002539,1.3543524057671636,0.12929836006348105,-0.6789803464631321,-2.3960822883304163,1.6902389869177903,1
-2.443930977310404,-1.702852586372284,2.9721313629231605,-0.5718976768265382,-0.09489438527765381,1.2400850627654745,-1.6115514191790847,-0.5076941283897106,-1.8582914882251074,-2.925162613420409,1
1.073433800430059,1.4231076631781552,0.9486659995981992,-0.23479223966149643,-2.030536131062261,-1.774888922912516,1.4771669493441275,-1.5008020152621748,1.110911144734433,-0.45516226813934835,1
-0.15238946115104213,-0.7535758855307817,0.37947544565435015,2.2374078482054554,-0.8346462109278565,-2.7071663943926576,0.8697252558828177,0.6461296760241716,0.3320814614168105,-0.22413672547153607,1
0.7122341461364785,3.129240651556015,1.1297206259529582,-1.2338703547010281,-4.493715337256672,-1.707707611791965,1.5654772154816534,-0.8758148246462933,-0.70128957079155,0.11397875358619114,0
1.0397736728852354,3.7752258472316473,0.7517070855008642,-1.2281235049387025,-5.368196663047609,-1.926109866807229,1.2000403052426492,-1.333148008477209,0.33271932958518796,0.3206634737826799,0
2.5167781300417644,2.9565577869202384,1.6142811291489962,-2.995893192961157,-1.0384402429130946,0.379424924424089,1.7842231211939543,,-0.09621226204057896,-1.4541221429340383,1
0.8086507831334651,-0.669092913921723,-0.8750045268094965,0.252973226644586,-0.9064885686624953,-1.5030372214093484,0.5921820808937752,1.0641707023410438,-1.7798751082081674,1.5550113562235404,1
1.9437025849677243,0.6819366108894829,0.13412442944019617,0.9796252266133418,-3.191335591120476,-3.555673258295774,0.6320046697144854,0.0722883471248695,0.36075575466383486,-0.08225877872715792,1
1.8904919209001876,1.2031029883848001,1.576559416205207,-2.8656574875055076,-0.21392160106590918,1.0310441568714972,0.3652115436677129,0.8468399454691652,0.42124737869098017,-1.7313663747607186,1
0.09621947026356392,-0.552249901778292,,2.0458638261392403,0.07428571649066229,-2.840375748989219,2.325686542222587,1.542276627661302,-0.2151138001704899,-0.786390032673354,0
3.0183876438026025,-2.999588738913962,1.0739842929575374,3.976758758393687,-0.3416521352520079,-6.135474207257152,0.6406765990681499,0.13998209632135372,-0.0018287588441003935,-2.4794249501766736,1
0.6962214909823494,-1.8379841641497012,-1.0612582574813156,0.39243097360180845,-1.1635058989854634,-2.413205776486885,1.2933534330495138,-0.8509750806815649,0.24207067028796736,2.6540870555841565,1
-0.7992588121356672,-1.0002304064039709,0.3714633538246783,-1.5592227020629643,-0.5926318373582583,0.9159868000312075,-0.3924282223702419,1.3690945827628513,-0.3072462256617315,0.7108109882173357,0
-1.6105492432051698,-1.7702250302656897,2.6368963927807747,-1.1530189571359717,-1.867995330210058,-0.05942810238561519,-0.9404558957156169,0.6351000115979253,0.49663461497989536,-1.6153278078843112,0
-2.15476524242377,1.5917442855590695,1.6728411658384594,1.1438451552008133,0.14488136514886385,0.47203840804253466,0.6352394590546375,-1.1541633847795414,-1.5255717080610838,-1.9119355348194387,0
-2.16679733693526,-0.8023374289547989,3.132768010948481,-0.9221153095389507,0.9111553707884845,1.6837468936332791,-0.30936635674928925,0.6357265264405499,0.12792720237457925,-2.9700491956268253,1
-0.6335966650073881,-1.3174303775052834,1.373100262190254,0.8229279854730365,-1.5958646555973317,-2.59848966211023,1.6943200867701846,0.7351321130540912,-0.24657105425957435,0.1517211922604068,1
-1.3700823308201184,0.36955579217645373,1.7903181420456205,1.576809401054221,0.1142820732316645,-0.8116802510640572,0.8107481506872085,2.0994075205025093,1.352039365974326,-1.9987490672965265,0
-1.0662382865380349,1.8357380555366807,1.7685589750251967,0.9271078037689757,-2.397119336439447,-1.30791335699267,0.6290360231884427,-0.3952835480161807,0.6581430360025633,-1.6170128729560505,0
-2.293245623565777,0.5203939125641996,3.8190974203336188,-1.650286083665831,2.5166703202319676,2.5691132047750873,2.07323057235684,1.0323893981263967,0.2201893142051328,-3.088556834772713,1
-2.3983154631457984,-0.5135975000630459,1.5550728838226144,-0.06217117001888273,0.6121081455973689,1.352935419292825,-0.3247409750730773,-0.520630606562299,0.9229775651404308,-1.237919462902389,0
1.3525937806631276,-0.7459517057942602,-0.2582082561848905,2.3035190651287394,1.8737353814940994,-3.1259684595100685,3.7630480340905854,-0.5525693461188524,0.9453117712358652,0.7763514436138022,0
-0.6552031678860648,-0.7172976085306889,-1.8064052802588029,0.4493018684666531,-1.2739154653700162,-0.44421063257869337,-0.6835380602171199,-0.47971889676613605,0.9210258397309934,2.5918178141585893,1
-3.7157061884583444,-1.0018413372591297,2.0909463038472382,-0.1437804263838981,2.350699522180811,2.674134587030734,0.022078514265698068,-0.531411401138425,-1.5231724641738478,-1.5861561905671437,0
3.0831367631113413,3.1124316275289483,0.3084768827201116,-2.1891313398161545,-0.4210949415913128,-0.5225474892074559,3.2503203417431,-0.3825838427224335,-0.1135881136210503,0.26266825417738726,1
-1.7176744578808654,-2.698396674072507,4.997551746794628,-2.5891187826004556,-3.2725782225630002,-0.5970316959276326,-0.6410832986941479,-1.2952586206671208,0.9714123576723597,-3.0550232205151246,0
-0.8465337570964289,-2.4457027811905334,0.9264888550381042,3.032412929145002,3.049699675144211,-1.9815942250740883,2.203604459313671,-0.3059544315315921,0.9481429504720496,-0.8742229432028283,0
2.271203283780407,-0.43207744518232305,-2.428571982993957,0.7600424570068252,0.2283881221861408,-0.6358036470514051,-1.7743299597389401,0.8957962182359285,-0.8373807896824669,0.9409714162760887,1
-0.0888133429872281,-1.9818078062176672,3.2640772618488425,-2.581177495673227,-4.137428472899407,-1.0227741767599954,-1.5644903014325373,-0.19805976321890642,-0.09600066173385824,-1.993188269404314,0
-0.3233242879547815,-0.6142261500169337,0.8165424936516911,-1.33436183114108,-0.9898289965915651,0.5798750657121993,-0.880040659427694,-0.11955875662639608,0.5303691889987993,-0.3884227938618824,0
3.035131588178281,1.1153891893209442,-0.008119145983118387,0.7789898892020528,-1.2120296789992318,-3.836049324510436,3.3813056086039657,,1.3304323443788164,0.5663552116027966,0
0.957064461141055,-1.5410381659601202,-1.3885302976169078,2.4466699488093497,2.883200443685348,-2.350878718662951,3.2037683863311233,-0.0412596526500604,-0.004072837121435025,1.894583427669374,0
1.1646384821512124,0.17569430623851634,-2.0518581856058633,1.9219632240148132,-0.6713669455511861,-0.21743039025883007,-4.13192602077867,0.5568747223681456,-0.265920074195552,-0.820270008824459,0
1.1032272022010654,-0.16384009449268255,1.1407050602462387,-2.172815779676397,0.6388963672729819,1.2460570016454338,-0.2725972363960687,0.2687757891486415,-0.9249258157192739,-1.3439468646207882,1
2.4277638223670572,-0.6350560769777499,1.0227548966972044,1.6924494352686734,-0.09273898325258045,-3.541362566492966,1.5277945403201199,-1.015995431168029,-0.4949645508907007,-1.6930948036590152,1
-2.5576439843236445,-0.7102848344920814,1.572612579804408,-0.5539855256182773,-0.5929376632810472,0.7529529650861094,0.28410290154725004,-0.7880762539036712,0.4006416383398367,-0.2077070164403665,0
-0.31493262135633593,-0.6916787240524629,,1.806145204292962,-1.5777163116845991,-2.907007967881475,1.098179248445105,1.135620585491476,-0.8642852619405358,-0.44871519375750535,1
-0.8066416383077557,-0.3892112274184618,0.19795076787047283,-0.9202232746581335,-0.886060439452038,0.4400746880865038,-0.13087665784921798,-1.135635904757829,1.2746838496794863,0.7381392276101812,0
0.20473952551264585,1.1246748189680051,-1.8661312121275822,-2.2800042931658067,-1.4622107490484246,0.43025241509064366,2.164701275355366,-0.2631612720598266,1.8951486121089698,4.460697257332094,1
2.558768850413667,1.491100002231497,-2.2907955329114253,0.5356596795511883,-2.5010504295113143,-0.8509867729758385,-3.229096688347856,-1.6047050097978122,0.42350787402203743,0.15382513559222288,0
-0.12632447085164,-0.4465017861492,-1.13571500786206,-0.314334344142303,-2.3680055691199593,-0.8456327579731189,-0.5528128066894695,-1.1047746736415167,0.4583890099570684,2.1809528573379326,1
-3.0036423460895185,-2.4606523127866673,4.088506272733233,-2.384727727609247,-0.6115268854633286,1.051760705856972,0.7679282817699034,-0.9989363762455913,-1.2540226524285165,-1.6399196543303938,0
-2.4186573191428113,-0.4690021178832817,2.6867823947712575,0.21694542531651573,0.5583243676346696,0.4170780176865175,1.0144903182943181,0.9926281029794295,1.5579054323183568,-1.9697533606505195,1
-1.1837862672536716,-1.387891115041037,1.1360730558538008,-0.7597928711735995,-0.2949409019171786,0.7235329526113299,-0.9994724179903856,1.568518985472554,-0.3751089949435645,-0.7179554446167763,0
-0.38975467195743074,-1.4554857856762924,3.143039304867117,-2.710191263171247,-1.7495130935884629,0.5342021816679827,-0.9231502637911915,-1.8132934720171585,-0.15464970656083346,-2.2599520133647406,0
-0.8543692944061314,-2.5254531987755633,3.29752882922336,-2.6280391981471007,-2.178682788473676,0.05834486385315321,-0.967903720687222,1.6639862798080995,0.7964303666421104,-1.8421067749023223,0
-5.104081911337992,0.46682072362952853,1.3527821681602137,0.8315268441089085,1.0123959538338134,3.0243073159362908,-1.0025282315556177,-0.3542063885087883,2.824220426395203,-1.1484353781460843,0
-0.653063896094481,-1.5379731670182686,2.0518845597978914,-1.4699260247998964,-3.2422087138480156,-0.8208428069266047,-1.2254855673764191,-0.13080059372695568,-0.45121882694387655,-0.9206910274906155,1
2.1185258643083964,-2.605364092974826,0.2752856511646968,2.5013801460132896,-0.8144513942807902,-5.297217146545687,2.1735411138182883,0.3389758936682615,-1.0141642181269683,0.3162472597151442,1
-4.3996139448996825,-1.5571071584203926,1.6502881146838009,4.344690345546267,3.865630904466439,0.47035094139114003,0.2059714354002138,-1.7210775209604694,0.3630042848060769,-2.6491815840923674,0
-3.4796794621345364,3.9291573728588394,0.791271189420261,-1.194465848402571,-2.417936872392529,2.6729942419666903,-0.10691127413198886,-0.5652587392104036,-2.3851136986930364,0.1872686902090308,0
-2.6443965492093544,3.668330997158132,1.6740436190055041,-0.8797605202547079,-3.7865366168325116,1.2157572355326394,-0.5730013406295587,-1.1497074728974057,0.19112423383639218,-1.0851707455512567,0
0.4040892998592218,-1.0609781348009155,1.3512602271801835,-0.030558859852357845,-1.1894418905660233,-0.08741293060657414,-3.1786756156327507,0.5308671620671488,-0.30226939208252646,-2.933317570723854,0
0.7654297077022914,-1.8550293496898915,3.1906496613273183,4.496562237463423,-1.026629400834083,-6.1692775231800985,1.954223575023749,0.20199901075732124,-0.2336069609828654,-3.8667579932817358,1
1.192758573771859,1.644771629667073,0.9026940909905493,-0.026954828659679242,-3.0667010541884174,-2.606687705433751,1.7522516821697736,-1.3992282592246312,-0.7348108975341908,-0.09657752109668882,0
-0.5961501632830271,-1.150242470531702,3.52782327999976,-2.7987687262484835,-1.39564061293381,1.0220659003886527,-1.0464814519964076,-0.28275932762936834,-0.49061223402665266,-2.9178510295783853,0
0.5258893002897327,-1.0393282927342344,0.4282202175345828,2.1505504703318157,0.7388323353178663,-3.015196192051718,2.7500662360159716,-2.049474485669681,-1.485186162699932,0.16468816323951407,0
1.7599532718001942,-5.035161980104177,0.5376448242766436,3.879667134157576,-1.7448827166007717,-7.4045350389035045,1.7467164451246346,,-0.5982793341978477,0.4687670269766532,1
-0.7690363061376896,-0.49169000165127996,-0.2652614936365296,-1.237260540710642,0.2580375499748504,1.4938601303441486,-0.5149342093712712,0.18485865406036467,1.1433615302058282,0.8600014123678661,0
-0.5465824267963957,-0.1310933708207107,1.0867566539512574,2.183641897428195,0.9960418709738312,-1.7385229913763622,1.9395671419087406,1.0599501697623763,0.16663789531183854,-1.1213777620647976,0
-2.6565757684437266,3.602428008777613,1.8121799900170945,-0.65154539215622,-4.335680079102456,0.849275648090726,-0.9187694431151723,0.444853537557488,-1.4439255470737569,-1.337988056108709,0
-2.2336960526632366,-0.21043253464582068,2.841759128288869,1.9018831561131408,0.38486770745449395,-1.5285949299949178,2.4741717255599895,1.1523486389619257,-0.682074798023783,-2.0422332427311813,1
-0.6188785403506508,-0.5278919363686624,1.736884187081281,-2.678871061709278,-1.4706616691486454,0.8037226197084213,0.31167920398735305,0.32717055287779023,0.8715559662881419,-0.10991734435506029,0
-0.23864291533892534,-0.4739940455504731,1.0973894045507038,-1.128006530486078,-2.8293623109827974,-0.5310189153521815,-1.1602918078312552,0.7248293734858318,1.4916738588018077,-0.45829649651739124,0
1.4751984678481422,0.0669353677522333,-1.5834155011234246,1.1794737032153533,0.13120526724857773,-1.3988830312036646,0.287929984307163,-0.5659371308924055,-1.208858864620722,1.0891157104073264,1
-3.1319574543848545,-0.15370769755121483,2.120496387331158,0.9370951665279842,-0.27916808198109544,0.6624291158015515,-0.5522777439828734,-0.7907709190853537,-0.07310730200893852,-2.0013690856273874,0
-1.2436420814638278,-1.3748994401284669,3.3081765263979577,-2.396199885987047,-3.738045347004099,-0.7613111058096181,-0.05271680710142679,-0.4581369898417196,-1.026625482884179,-1.138177403027203,0
1.7463768151297252,1.3507163978466803,0.9500795100125714,0.7383130032550786,-3.3598361932512666,-3.383235152066373,0.9684210070784041,0.28134834748957704,-0.05195477090077795,-0.9095323323407161,1
1.0506859598435536,-0.07763949901316014,-1.64563843675795,-1.161421074225315,-1.2730271947315874,-1.1815392476100366,2.173991409531384,-0.12243598974739747,-1.5302791359297876,3.7930644996932816,1
2.0718279372374786,1.631569077782787,1.2669972114047796,-3.0579411720842002,-0.5899549229108199,0.9910511800841347,0.5363497856101274,0.7271712595339491,-0.1210210310095643,-1.2611804185317586,1
-2.3945884574732896,-3.4137443199381954,1.7789423133525089,3.366292097350255,-3.731610714291975,-5.177323523655317,0.7459096019997673,-0.34590728066682785,1.5741467860324088,0.19800103645782918,1
0.491827432222151,-0.4962894073686711,1.4561951551684764,-1.6146170689840378,-2.3627910318341323,-0.24640154889542268,-1.3976786988971455,1.4141103906067818,1.53739673068429,-1.281964042634185,0
0.5473295702993368,-0.6655406635557926,-0.6709877959231058,0.11867133724212209,-0.7388542439286664,-1.4541594499594208,1.1716391337435894,0.8406067127833832,-0.1877270235798839,1.7280140381241031,1
-0.5335138276949043,-0.9182458596883278,0.6418840534840966,0.2515816821771122,-0.681940184232509,-0.7070343213872875,-0.06538182014267613,-1.1718313004725252,1.0153923286752233,-0.20825022882575783,1
1.4837961091809384,1.3464565333013792,0.4716350988261749,0.2899660446351856,-1.9656393680374797,-2.79560194345295,2.6631118806584064,-0.5036502603755963,-0.03302526371956056,0.483332111499863,0
-2.0728735925231785,0.6884708753930424,1.7864479695250708,1.5383665165780602,0.3400393567069293,-0.04373759247987648,0.5102313204607523,0.029796165121424436,-1.0857477107815494,-2.0687532770873487,0
-1.4970975912354973,-1.222315383196709,-0.6017606656355744,-1.2452578699981587,-1.8821034669423446,0.045626052328275615,0.33541294237786023,1.5200917409911012,-0.7513454696033703,2.9867623702155623,0
-1.8665900401385649,3.4966152162622777,1.4890775102201774,-1.1330136519701006,-3.29603021149963,1.0670714534921144,-0.17236597495040273,0.7352693099749874,-0.7801438813877718,-0.922500848157451,0
0.3299876259935888,-0.15698696086299613,0.2700746841645331,1.8117567640045884,-2.4588896439042767,-3.2608850393079445,0.682300031508442,0.3090468350240348,-0.3950468521695675,0.11230237733411963,1
-3.918048752306987,2.2410061818160396,1.897969849543152,0.2423383824499289,-0.9894901079059971,2.065436677215204,-0.4898115270757595,0.4676901038588855,-0.6891117977217902,-1.6939511444188948,0
0.9339577932767364,1.2320595356672588,1.0294769164094282,0.6604395392573574,-1.7725637326772379,-2.7767506343984056,2.638054720881283,0.5647891059076481,0.3350543519121714,-0.18467637959427985,0
-1.6603274703679962,0.09073457427233733,3.3645750565136803,-0.7027394422132157,0.6740292493359366,0.8937534970238762,0.9571387792158527,0.3740620881310435,-1.7011404742672418,-3.015482791918576,1
-1.7148716610108816,-1.7722345552339593,4.074120457936826,-2.836320771148114,-0.49028668293989897,1.2544216101641987,0.2865348442862692,-1.1557075749169152,-0.1554224325277597,-2.4835281856545732,0
-1.5022841980772625,0.8018116006851546,2.69956480875455,-0.19193053589495157,0.6597055558307738,0.23430595393201134,2.276953655048425,-0.02881660158862331,0.5019002337006719,-1.899066819868655,1
1.7906087572836298,1.197627665180118,1.331812838314868,1.0665549778457861,-1.6823474600876551,-3.4636202816917057,2.5369998121679718,,1.0522111559570586,-1.11142040256432,0
1.4681553322340637,1.4737415791320023,1.5190734003353483,-3.4390292926030153,0.46096634072056397,1.9112246418144112,0.927038249645967,0.36660624701380495,-0.723168438829393,-1.271389778186259,1
1.5207964991907459,0.6175595177932602,-1.1157928011401044,0.33801307154019966,-0.7116811610971638,0.2798964069850206,-3.0578683109681677,-0.5775342640192128,-0.13111133868048266,-1.0459024744010317,1
4.234255492577857,4.464302193815047,0.5010056092032689,-1.8078940974836724,-1.798085490850633,-2.195482010053857,4.431731680890076,-0.40611035702340326,-0.44890838731300636,0.1341188995688658,1
-0.5174000662325218,-0.31500390996463135,-0.0373609549104053,-0.13834981181316364,-0.12430536612961185,0.8176012119557456,-1.4851820284434072,-1.106732987729451,-0.013503244592976752,-0.4236792668440792,0
1.8871815056519863,-0.16824142234738182,-0.09800742629589557,0.7915377313987273,-0.17900008286986036,-2.066461022496914,0.8912837896381515,0.7927110177336647,-0.7507203344928128,-0.2496827415371583,1
-1.6282015934543912,-1.3917377928199244,2.006587382210898,0.023495922282749993,-0.8556809009859854,0.277689999123792,-1.7596468669065444,-1.722256933957519,0.4458388752292466,-2.186925002564532,0
2.5304855276038145,-0.14642431862375915,-2.877846610009657,-1.0512078281241246,-0.6737966681157459,-0.631526383202595,0.09195855094575389,-0.5945036959490072,-0.6583827179404454,3.35840076714804,1
-0.32929307965218,-0.056494188547252966,1.8720678186688826,1.3317641650305734,-0.9441118568031704,-2.1354698410210813,1.239101347621081,1.1799885296897865,-1.8750073874719364,-1.6673500745504024,0
2.301634328875311,-0.46923747714670494,-1.3275522464040619,-0.23652925786850143,-0.049588027982749416,-1.2380646615281845,0.4756322468105554,0.3772632593422264,1.9740786877450238,1.329959802147636,1
-1.1672024451326237,-1.2817104489543034,1.9156757727191693,-0.6289860425484299,-0.19526470850629063,0.7448568339947496,-1.3079485174598129,,-1.4723540615107777,-1.993321617277864,1
5.18064205179708,-0.7047209749688792,-0.2660585677882039,2.870966953810234,0.5801267327161619,-5.13875736563901,1.2676060102994027,-0.5772287257105709,0.4781405755558084,-1.8998894051354696,1
-5.320063398923706,0.8280236426378826,2.950348416060108,1.4620704362505763,-0.03048214029037266,2.38624458193893,-1.8889714543873737,0.0780074184788575,1.2827949688389804,-3.591975782012975,0
2.8788554160550257,1.9508055228427337,0.19533296191998936,-2.088966863255589,-2.1291149026746163,-0.7862596533481324,0.6768380202129357,1.8054168464197806,0.6235257988258587,-0.10820141806997041,1
0.7588851919563129,-2.1642696211891854,-1.2004371856801948,1.2015237034011046,-1.3012855979785332,-3.392564792020656,1.7285637812982906,-1.349605255711928,-0.7051105201659605,2.9086237399466315,1
-0.37889829891314575,-1.2258513082902915,1.0832643208956476,-1.493162744967621,-0.46410146171771116,1.130595153952348,-1.7540240489763694,1.9824704501689276,1.029604361419693,-1.1171884618629464,1
0.9686952126056949,0.5673586128365644,0.8535649213878823,-0.5153139909868791,-1.8000313162618593,-1.1718685838593066,0.24870683757575962,-0.8300704951292369,0.8627545919526867,-0.6967601968860717,1
-1.0530453812266296,-1.4266564617287139,1.4079010906321197,-0.27743484506698124,-1.8072376523587903,-0.3769573964540373,-1.5332660103245366,1.6666632592275232,-0.22535148504419977,-1.0905758005916346,1
-2.246253355695546,-0.8125755240996155,0.4604393089393235,2.748792136447614,2.137347759766919,-0.42143038980264835,1.088841245518649,0.001783041104608902,-0.6026243046145574,-0.5496672768484662,0
-0.4642998567230453,0.6901050718665254,-0.5062582925178146,0.3010165628186603,1.5885341183069017,1.7456196484004602,-1.108667582094613,-0.06084952000292773,1.2782809474594865,-0.6917679775163383,0
-1.3222441081402048,-1.030024943486774,5.0846580164630195,-3.4654039317697625,-1.8415051560844513,0.7905653460032074,0.46609685639913057,0.20173865479604391,0.5105353784512363,-3.361792996234652,0
0.18127302151190627,-0.5784600270374718,1.517277695729391,-2.263809382816552,-1.8157585394968438,0.3784432736371369,-0.7704670148997929,1.378142680497613,0.7331793174225577,-0.7879480971466166,0
2.3859915514660566,-2.2014223110080646,-1.3460071131885334,2.842323318801981,-1.0358124722602449,-4.172364521767406,-0.7348248146169896,-0.04091753519506904,-0.627092824772296,0.36908878268379186,1
-0.7366729546653328,2.510657168996734,1.3075232478166257,-2.2888969875095992,-0.6474149735264234,1.1787071155108397,2.850966499721653,-0.3998267342865265,0.01999548620641927,0.5256696523372832,1
-0.48272964796605167,-2.3563777800411105,-0.8931826456594257,2.3637802350082495,-1.129739305741548,-2.3880668876462154,-1.0852638713366343,-0.9157550411335605,-0.386022797870698,0.9362438209836896,1
2.903016942385448,-0.8523150530367823,0.5471721338035568,1.0640560944747965,-0.28019312911700567,-3.809244564435643,2.3333964807376892,-2.0474371857707503,1.4854773692725496,-0.4441445126845118,1
-1.2373262979695057,-1.2841674051670187,0.08917613006098235,-0.5256931135016711,-0.8110997436203075,0.4332038563998815,-0.9093300646554524,-1.6837325676140487,-1.0656826978195666,0.7093837965292502,0
-0.8370405242269932,0.11959649402823569,-1.3835630524299767,0.6038351915556781,1.9978730241232667,1.9278482275632396,-1.2655859094924686,2.045654547677154,-1.1231950508753776,0.396465668779419,0
-0.48480014508328606,2.2250311675521006,2.8644479258127706,-0.5164290652983716,-3.946552821744188,-1.302029754600383,0.23676546006035393,-0.05706129143115594,1.2855822343616794,-2.520443075558047,0
0.7229787948688031,4.48920911278966,2.0410604535473156,-2.3158833439464597,-6.504256080842601,-1.3228299294472516,0.6758345876854603,1.17841931756372,-0.7140651179821788,-0.9377811946909097,0
-1.5640586969230061,-1.1241537926670193,2.476857052251758,-2.4119034050704355,0.11476477981498201,1.8361949498368682,-0.05352680418898126,,0.24690606341661173,-1.3094435427162006,0
-1.0294466206017168,-0.8908647795990698,-1.1639867319283537,0.20355330662586235,-0.4087909466140708,0.4792824214602647,-1.1825925149510914,-1.2126571326233138,-0.8383618800008077,1.5075375428885862,0
1.2727497951878846,1.279713505787464,,-0.35409148386341904,-0.019588026477165954,0.8413681300930278,-1.2242070118267028,0.13259767202610107,0.20786050106708062,0.678904243968093,0
-0.06616868652988017,1.886531221251027,,-0.6976796078522496,-3.998686781056411,-1.6460869121636637,0.7948600279864432,-0.9243573336303755,0.4612720843178312,-0.8876309114720551,0
-0.7966196192543918,0.05703636053469019,-0.6608793990557937,-2.1709283682977434,0.4073972116661697,1.9165712898772147,0.8878287680972996,2.2409265562057925,-0.9885290078659005,2.2945377126838244,0
-1.5601229517909254,-1.4678616906904636,0.04923041121891578,1.7875926344871138,-1.6012988626624634,-2.024324502592716,0.15443838175546465,0.007560180394133265,0.5269813913637531,0.9549082614400268,1
0.3112530871974277,0.287228946116459,-3.2615528865351133,2.347616305144786,0.5656031442599156,0.4019025548209249,-3.125010943798579,0.685619374218483,0.08486545836110417,0.9979146722649765,0
-2.424085968828173,-0.18546588539469133,3.2777091254454587,0.6763743414063155,0.6164688988311342,-0.08790584901512945,1.572010221262345,0.8917005810695752,0.020121129580859987,-2.6665229209538373,1
-0.43989708481246315,0.14309922047480095,0.6182735485899374,0.8857306188557934,-0.8883756704304018,0.008331007411836839,-2.213932422007276,-0.22056594026731396,-2.2029133532057186,-1.9776876068463474,0
-2.425639641453405,-2.2008894963256354,5.1709809956766275,-2.9159365045383687,-2.5753908306044666,0.11900970504691075,0.3892851784573774,-0.23955585893709952,-0.012024028913188147,-2.678803843494622,0
-0.1420348852471064,1.4104880793834695,1.8868381355302708,1.5067462047761329,-2.2230981747814202,-2.39777803738773,0.9220946726916823,1.0152208918143053,-0.38611277608614164,-2.0733798540863857,0
0.2542360475184011,1.868793754551246,-2.155584614626226,0.29732918498054994,-0.3399046654826432,0.6027183604004202,-0.30471773756002907,1.0331898643631479,-1.0010095444828142,1.8048384537640079,0
1.7528664610175473,0.6654267219036587,-2.0111302147527317,1.5646751389069804,-1.3633500093338051,-0.6361661782183794,-3.7718625561621715,1.0219631550600035,-0.3410929321416082,-0.6872959854775456,0
-2.643539203604341,3.40347221001923,2.1057893311594618,-0.7637643209958052,-2.2608842465917123,1.5871968724056627,0.032644656672196626,,0.9942988266876233,-1.7259924844949333,0
3.812241338029495,-0.7597033534935682,-2.1596558611753656,1.0850070082271175,-0.4337644861927802,-3.193521492227844,0.5358929319646539,-0.032481035842094615,-0.32175270399020833,1.567799058480618,1
5.227502977817309,-0.8338125088066743,-1.9292288018086945,2.5329683651590944,1.5292327658123046,-6.204503087753378,5.9246227711171064,-0.8407718898986251,0.23817130613962828,2.7186901675801654,0
-2.4082035868273954,0.676084013019669,0.7380079940658718,1.6199646083145236,-0.463470976022491,-0.289949894946423,0.5997185721954716,-1.8357687561770901,0.044062567406599355,-0.3456452572964608,0
1.0928934014339475,0.5706730268868643,1.1868237002891966,-1.6770759224424436,0.35901394491151306,0.45982777137291436,1.0052218105842117,-0.1435815887121344,1.3576196330501393,-0.9932085789051172,1
2.438677181030219,0.9732848873185747,-0.5176692134023888,-0.3096286201887304,-2.085427778765488,-3.009657915516185,2.8442614173772007,1.3459350078383152,0.6082671663441893,1.851353552950488,0
-3.64326409518409,1.5660908543249206,1.8571498585004558,0.4211293570836706,-0.9068277957484433,1.5631791802565334,-0.41804055468357904,0.5445824007936281,-2.8500301093171823,-1.5748476110657852,0
-0.35506145790698973,-2.423032065191089,0.00891005099782257,2.072696929196616,-0.8612588593679327,-2.3411991475697604,-0.8553699305400333,0.7980910486615617,0.8314988669316621,-0.0630517828111623,1
1.7482458291910166,0.8166567022973621,-0.5405063500366917,0.14566861067311798,-1.7910719390740637,-0.39772367092225297,-2.884731698129393,0.980004236133894,-0.20260577291807386,-1.3931996484845577,0
-0.6856643718977371,0.381154435718023,2.8126356239648036,-1.743720905392102,1.5857039277740221,1.7423665655945295,1.196948916074043,-0.04504411801092395,0.20934885733468878,-2.5581747374530828,1
-2.192869114405405,-0.3722626133484147,2.4899885104608597,-2.6548591818995515,0.3970524142747167,2.129458548829897,1.4482639506397357,0.8596307868548461,-0.3248579264985461,-0.46973014755745535,0
0.37938086925803605,-2.9165250333580133,1.1255115395778315,3.8997508034414836,-2.1972335514208066,-5.707607184828219,0.4936737006964145,-0.9648933001863843,1.6158724901223136,-1.0339647578289162,1
-1.5783377948867408,-0.4983003864304856,0.8850658053857741,2.1354213130072965,0.9731923462196612,-0.7622491602051142,0.6898330912082172,0.8495845310466172,-0.18969349345240752,-1.0594856074910675,0
0.9245501783671749,-1.4471711780630347,2.403503815985398,3.0994255080646527,-0.6443812466709129,-4.657646593217081,1.686001081301979,-1.025219085737433,-1.8802884105687847,-2.8380408760337583,1
1.3593275128107003,0.8325878359612964,-0.9061681752158378,-0.3340644441731606,-0.5027302565843605,-1.334488488643521,2.3881751209803816,-0.9464907959884281,0.8790141545570074,2.018550360653535,1
1.7517685826912017,-0.414270936222195,0.29565913849340675,1.849306251867018,-0.776830775187082,-4.180252155767702,3.069857851525892,-0.27837296760789404,0.08559470394452544,0.4539619899960974,0
-0.6428718133970548,-2.0814943108423147,2.998596023033433,2.489783556923375,0.8036735396140253,-2.710349400638427,1.214285133723839,0.14197991387400533,-0.906215332047211,-3.3017360349171985,0
3.437951964697,2.8885622675500553,-0.15156458095835973,0.3103964084361437,-3.004039915941117,-3.887061526116645,3.0181099467538814,-1.5235978106681667,-1.8829834466717266,0.5552286328733624,1
-0.798378423675037,-0.48298830587554054,0.9386087188148023,-1.1996797086068645,1.2523417589888406,2.05966297858205,-0.9085384038190821,1.4617170162571183,0.16333468067753845,-1.201807901416553,0
1.3419292164366619,0.2636053223934164,-1.0215445395104803,0.5655029241587647,0.4047064541748182,-2.138361063005615,3.5322157192108006,-0.3075714171157992,2.002427467644797,2.390664612117134,0
-0.1316903593498815,-0.6782048079268164,0.7376081454054034,1.5648505966459152,-1.1440529489868978,-2.18464518188432,0.2829781678681451,0.6041074554390441,-0.9085025115121911,-0.6938056053521438,1
-0.46595855809760867,1.453930482464699,2.7080557937966567,0.86123896540066,-1.7383086147369275,-2.151324878306918,2.2210775918298467,0.16823054118369438,-1.0071949875269783,-2.1577883308392267,1
-0.032936078570983796,-0.30751130241384617,0.6281158693806482,0.7865526151638853,-0.5248300266216248,0.18005901988489356,-2.847972861726404,-1.167757415899921,-1.1123274696705807,-2.442575344270259,0
-1.8151729853311944,1.68370971008655,2.580549962869769,0.5906441573741343,-2.430262472763466,-0.5080009206384226,-0.22035069974732502,0.28802836830548917,-1.972089026643818,-2.656842400506587,0
-0.49342974408859497,-0.3979142264929223,2.57296222334647,-0.8634505326712361,-2.1752679053715918,-0.2559815300445668,-1.4671690924193124,1.542806773769682,2.05451488940476,-2.7207710027375063,0
3.2934763825189566,1.720902352460187,-0.4939499574505907,-0.2518373012341236,-3.1899738511542477,-3.149386536951208,1.2391609003993496,0.5809995399616921,0.4076897368371771,0.6618117747790457,1
-2.4985860306726044,1.4501241308551838,2.6889013315487804,0.5645910475314111,-2.5199316847981583,-0.452610867682587,0.145292243377656,1.4950303097358375,0.16279661809991253,-2.2079520916155486,0
0.9210944083012188,-0.8620036135039267,2.046840316886401,2.3843551265999223,-0.6010254615360859,-4.274345722573809,2.6692380043936312,-0.4929182749492523,-0.8252919608308644,-1.763074570456919,1
-0.7645796036878897,-0.2812432216081079,-0.38501355434423723,1.464102894333859,-0.28029529773359063,0.10800630633253254,-2.257343154590366,-0.007480796740746615,0.7740227740710525,-0.8995773788326806,0
1.0299497892239267,1.7381504597128363,2.1004618253482223,-2.308162299717555,0.40763069675445407,0.9018462021791447,1.8976946245906414,-0.40463852004094636,0.5586952829218191,-1.7613745867570996,1
0.1646668374223237,0.7358720781961943,1.7194110325795184,-0.13660108519971437,-1.1484287481852626,-1.1237996879421344,1.2053142713674714,1.4968802738508562,-0.0762390173205976,-1.3312339490879694,1
-1.3801402333336463,-1.0670807902826893,1.4301886382083555,-0.9324844680295894,-1.4348668308706527,0.12763360497473605,-0.42848625347443503,-0.23927314715185138,0.20713943677856853,-0.3521319327985444,1
-0.7437914778267181,1.9852715950101352,0.8686454286356181,0.27716312342533134,-2.133914943106437,-0.7631274165950116,0.8260906017138366,-0.8605654038138869,2.1112963340995843,-0.3926690082823018,0
1.9497388295820506,0.8933122613325675,0.11119509989069722,-0.7109254238350249,-0.5776709077762994,-1.0257217784921526,1.2210216570876222,-2.162032299927439,-0.7504101277546562,-0.0063532566340327445,1
2.798797527435395,2.3407359122160964,0.5846122490091896,-1.8656319125260237,-1.2339073654486845,-0.8778324902526561,2.0267514613759254,-0.33577861774042206,-0.574601858183391,-0.28553801602638973,1
1.3733243983758507,2.2619653960483608,1.639686494787097,-1.2650932620246622,-0.005818081549286314,-0.5431962950772242,3.179160507881066,0.8717025855988134,-0.5744867054162757,-0.9980748629628701,1
0.3398351856415085,0.7712046572692646,1.8942469272347795,0.8909476948648626,-2.049659139770232,-2.5944394827632604,1.487566136852996,-0.8491048509902235,0.4853599075531901,-1.5523117834801208,0
-1.169248395881746,-0.12298610728402815,-0.5014649070590925,1.0065548277272427,2.7086349160563494,2.2360681953203283,-1.8009359845076855,1.1480908663974327,0.30515083587497266,-1.1921023150858723,0
1.683941853061321,1.1008267132075473,0.5924739107687473,0.1352371244731454,-2.846277447334403,-2.6221657473738462,0.8507393714876262,0.38767987903284645,-0.4625329663133788,-0.36775377268482545,1
-2.130563847480482,-1.508616302179385,2.940338730494414,-1.6982408389394568,-0.35423055168983264,1.1944491684325498,-0.18249965692934467,1.163000969705304,-0.09390356871304721,-1.736450353729438,0
-0.539064513883762,0.8066860123695151,2.4141546202257866,0.9167625825318689,-2.008622809415651,-1.9272785347778512,0.8600937998375574,,-0.3755000400755709,-2.2704292501908925,0
-1.6282015934543912,-1.3917377928199244,2.006587382210898,0.023495922282749993,-0.8556809009859854,0.277689999123792,-1.7596468669065444,-1.722256933957519,0.4458388752292466,-2.186925002564532,0
-0.2869016511311513,0.10145499158764315,1.9669932257376217,-0.0919646251245726,-2.7613763165167278,-1.2809714178005702,-0.7542486947014648,0.10649398029009184,1.143566044928613,-1.888902310833263,1
-1.279002687407509,3.6129987001705652,1.0867225984445545,-0.4289556949163764,-2.6213611598615034,0.27852664091957935,0.9270100731819316,-0.6378086928599359,0.10618291944021628,-0.5226924042713612,0
-1.110913814546544,1.7399654412168832,2.8442928703780233,-0.6854172804256848,-3.1328017972281472,-0.6261610104717268,0.35355401235080386,0.29551169159033874,-0.22549342333463607,-2.234257809896664,0
0.17122262952589162,-1.2083963604995704,2.010146892155229,-1.21254625135271,-3.28390383598229,-0.9966502165826144,-1.9724718982013418,-0.32351494678445714,1.0621674475886602,-1.8015639924509412,0
